001;048978;009424;7M;1;182882;00-00-0056;01;07/08/06;07/08/06;448098,82;-308771,92;139,33;;14,00;62733,86;19,51;;0;300769;;23/02/07;0;;;63;;08/08/06;;R;;P;;0;4,00;18670,78;;D;;;;;;;08/08/06;D;31255;2613,91;;;;-351999,98;;;7M;04/04/14;159089;1;;;;X;;;;;;;;;;;;;
001;205360;;1S;2;592279;00-00-0061;01;21/01/08;15/02/08;0,00;;0,00;;9,00;0,00;0,00;;0;307026;;;;;;FE;;;;;;;;99;;0,00;;;;;;;;;;;;0,00;;;;;;;;;;1;;;;;;;;;;;;;;;;;
001;205360;;1S;2;592283;00-00-0061;01;29/01/08;23/02/08;0,00;;0,00;;9,00;0,00;0,00;;0;307122;;;;;;FE;;;;;;;;99;;0,00;;;;;;;;;;;;0,00;;;;;;;;;;1;;;;;;;;;;;;;;;;;
001;205360;;1S;2;592287;00-00-0000;01;19/02/08;15/03/08;0,00;;0,00;;9,00;0,00;0,00;;0;307449;;;;;;FE;;;;;;;;99;;0,00;;;;;;;;;;;;0,00;;;;;;;;;;1;;;;;;;;;;;;;;;;;
001;205360;;1S;2;592288;00-00-0062;01;19/02/08;15/03/08;0,00;;0,00;;9,00;0,00;0,00;;0;307468;;;;;;FE;;;;;;;;99;;0,00;;;;;;;;;;;;0,00;;;;;;;;;;1;;;;;;;;;;;;;;;;;
001;205360;;1S;2;592289;00-00-0000;01;20/02/08;16/03/08;0,00;;0,00;;9,00;0,00;0,00;;0;307504;;;;;;FE;;;;;;;;99;;0,00;;;;;;;;;;;;0,00;;;;;;;;;;1;;;;;;;;;;;;;;;;;
001;205360;;1S;2;592291;00-00-0000;01;28/02/08;24/03/08;0,00;;0,00;;9,00;0,00;0,00;;0;307625;;;;;;FE;;;;;;;;99;;0,00;;;;;;;;;;;;0,00;;;;;;;;;;1;;;;;;;;;;;;;;;;;
001;205360;;1S;2;592293;00-00-0000;01;13/03/08;07/04/08;0,00;;0,00;;9,00;0,00;0,00;;0;307804;;;;;;FE;;;;;;;;99;;0,00;;;;;;;;;;;;0,00;;;;;;;;;;1;;;;;;;;;;;;;;;;;
001;205360;;1S;2;592294;00-00-0000;01;27/03/08;21/04/08;0,00;;0,00;;9,00;0,00;0,00;;0;307900;;;;;;FE;;;;;;;;99;;0,00;;;;;;;;;;;;0,00;;;;;;;;;;1;X;;;;;;;;;;;;;;;;
001;205360;;1S;2;592297;00-00-0000;01;16/04/08;11/05/08;0,00;;0,00;;9,00;0,00;0,00;;0;308231;;;;;;FE;;;;;;;;99;;0,00;;;;;;;;;;;;0,00;;;;;;;;;;1;;;;;;;;;;;;;;;;;
001;205360;;1S;2;592298;00-00-0000;01;17/04/08;12/05/08;0,00;;0,00;;9,00;0,00;0,00;;0;308239;;;;;;FE;;;;;;;;99;;0,00;;;;;;;;;;;;0,00;;;;;;;;;;1;;;;;;;;;;;;;;;;;
001;205360;;1S;2;592299;00-00-0000;01;18/04/08;13/05/08;0,00;;0,00;;9,00;0,00;0,00;;0;308251;;;;;;FE;;;;;;;;99;;0,00;;;;;;;;;;;;0,00;;;;;;;;;;1;;;;;;;;;;;;;;;;;
001;205360;;1S;2;592302;00-00-0000;01;24/04/08;19/05/08;0,00;;0,00;;9,00;0,00;0,00;;0;308340;;;;;;FE;;;;;;;;99;;0,00;;;;;;;;;;;;0,00;;;;;;;;;;1;X;;;;;;;;;;;;;;;;
001;205360;;1S;2;592303;00-00-0000;01;28/04/08;23/05/08;0,00;;0,00;;9,00;0,00;0,00;;0;308389;;;;;;FE;;;;;;;;99;;0,00;;;;;;;;;;;;0,00;;;;;;;;;;1;;;;;;;;;;;;;;;;;
001;205360;;1S;2;592304;00-00-0000;01;29/04/08;24/05/08;0,00;;0,00;;9,00;0,00;0,00;;0;308421;;;;;;FE;;;;;;;;99;;0,00;;;;;;;;;;;;0,00;;;;;;;;;;1;;;;;;;;;;;;;;;;;
001;205360;;1S;2;592305;00-00-0000;01;08/05/08;02/06/08;0,00;;0,00;;9,00;0,00;0,00;;0;308528;;;;;;FE;;;;;;;;99;;0,00;;;;;;;;;;;;0,00;;;;;;;;;;1;;;;;;;;;;;;;;;;;
001;205360;;1S;2;592306;00-00-0000;01;12/05/08;06/06/08;0,00;;0,00;;9,00;0,00;0,00;;0;308580;;;;;;FE;;;;;;;;99;;0,00;;;;;;;;;;;;0,00;;;;;;;;;;1;X;;;;;;;;;;;;;;;;
001;205360;;1S;2;592307;00-00-0000;01;13/05/08;07/06/08;0,00;;0,00;;9,00;0,00;0,00;;0;308595;;;;;;FE;;;;;;;;99;;0,00;;;;;;;;;;;;0,00;;;;;;;;;;1;X;;;;;;;;;;;;;;;;
001;205360;;1S;2;592309;00-00-0000;01;16/05/08;10/06/08;0,00;;0,00;;9,00;0,00;0,00;;0;308646;;;;;;FE;;;;;;;;99;;0,00;;;;;;;;;;;;0,00;;;;;;;;;;1;X;;;;;;;;;;;;;;;;
001;205360;;1S;2;592311;00-00-0000;01;23/05/08;17/06/08;0,00;;0,00;;9,00;0,00;0,00;;0;308755;;;;;;FE;;;;;;;;99;;0,00;;;;;;;;;;;;0,00;;;;;;;;;;1;;;;;;;;;;;;;;;;;
001;205360;;1S;2;592312;00-00-0000;01;29/05/08;23/06/08;0,00;;0,00;;9,00;0,00;0,00;;0;308815;;;;;;FE;;;;;;;;99;;0,00;;;;;;;;;;;;0,00;;;;;;;;;;1;X;;;;;;;;;;;;;;;;
001;205360;;1S;2;592313;00-00-0000;01;29/05/08;23/06/08;0,00;;0,00;;9,00;0,00;0,00;;0;308816;;;;;;FE;;;;;;;;99;;0,00;;;;;;;;;;;;0,00;;;;;;;;;;1;;;;;;;;;;;;;;;;;
001;205360;;1S;2;592310;00-00-0063;01;23/05/08;17/06/08;0,00;;0,00;;9,00;0,00;0,00;;0;308754;;;;;;FE;;;;;;;;99;;0,00;;;;;;;;;;;;0,00;;;;;;;;;;1;;;;;;;;;;;;;;;;;
001;205360;;1S;2;592315;00-00-0000;01;04/06/08;29/06/08;0,00;;0,00;;9,00;0,00;0,00;;0;308867;;;;;;FE;;;;;;;;99;;0,00;;;;;;;;;;;;0,00;;;;;;;;;;1;;;;;;;;;;;;;;;;;
001;205360;;1S;2;592316;00-00-0063;01;10/06/08;05/07/08;0,00;;0,00;;9,00;0,00;0,00;;0;308921;;;;;;FE;;;;;;;;99;;0,00;;;;;;;;;;;;0,00;;;;;;;;;;1;;;;;;;;;;;;;;;;;
001;205360;;1S;2;592317;00-00-0000;01;16/06/08;11/07/08;0,00;;0,00;;9,00;0,00;0,00;;0;308991;;;;;;FE;;;;;;;;99;;0,00;;;;;;;;;;;;0,00;;;;;;;;;;1;;;;;;;;;;;;;;;;;
001;205360;;1S;2;592318;00-00-0000;01;20/06/08;15/07/08;0,00;;0,00;;9,00;0,00;0,00;0,00;0;309086;;;;;;FE;;;;;;;;99;;0,00;;;;;;;;;;;;0,00;;;;;;;;;;1;X;;;;;;;;;;;;;;;;
001;205360;;1S;2;592319;00-00-0000;01;20/06/08;15/07/08;0,00;;0,00;;9,00;0,00;0,00;0,00;0;309087;;;;;;FE;;;;;;;;99;;0,00;;;;;;;;;;;;0,00;;;;;;;;;;1;;;;;;;;;;;;;;;;;
001;205360;;1S;2;592320;00-00-0000;01;30/06/08;25/07/08;0,00;;0,00;;9,00;0,00;0,00;0,00;0;309142;;;;;;FE;;;;;;;;99;;0,00;;;;;;;;;;;;0,00;;;;;;;;;;1;;;;;;;;;;;;;;;;;
001;205360;;1S;2;592321;00-00-0000;01;02/07/08;27/07/08;0,00;;0,00;;9,00;0,00;0,00;0,00;0;309191;;;;;;FE;;;;;;;;99;;0,00;;;;;;;;;;;;0,00;;;;;;;;;;1;;;;;;;;;;;;;;;;;
001;205360;;1S;2;592323;00-00-0063;01;11/07/08;05/08/08;0,00;;0,00;;9,00;0,00;0,00;0,00;0;309335;;;;;;FE;;;;;;;;99;;0,00;;;;;;;;;;;;0,00;;;;;;;;;;1;;;;;;;;;;;;;;;;;
001;205360;;1S;2;592325;00-00-0063;01;16/07/08;10/08/08;0,00;;0,00;;9,00;0,00;0,00;0,00;0;309372;;;;;;FE;;;;;;;;99;;0,00;;;;;;;;;;;;0,00;;;;;;;;;;1;;;;;;;;;;;;;;;;;
001;205360;;1S;2;592326;00-00-0000;01;18/07/08;12/08/08;0,00;;0,00;;9,00;0,00;0,00;0,00;0;309425;;;;;;FE;;;;;;;;99;;0,00;;;;;;;;;;;;0,00;;;;;;;;;;1;;;;;;;;;;;;;;;;;
001;205360;;1S;2;592327;00-00-0000;01;18/07/08;12/08/08;0,00;;0,00;;9,00;0,00;0,00;0,00;0;309427;;;;;;FE;;;;;;;;99;;0,00;;;;;;;;;;;;0,00;;;;;;;;;;1;;;;;;;;;;;;;;;;;
001;205360;;1S;2;592328;00-00-0000;01;22/07/08;16/08/08;0,00;;0,00;;9,00;0,00;0,00;0,00;0;309446;;;;;;FE;;;;;;;;99;;0,00;;;;;;;;;;;;0,00;;;;;;;;;;1;;;;;;;;;;;;;;;;;
001;205360;;1S;2;592329;00-00-0000;01;23/07/08;17/08/08;0,00;;0,00;;9,00;0,00;0,00;0,00;0;309463;;;;;;FE;;;;;;;;99;;0,00;;;;;;;;;;;;0,00;;;;;;;;;;1;;;;;;;;;;;;;;;;;
001;205360;;1S;2;592330;00-00-0000;01;04/08/08;29/08/08;0,00;;0,00;;9,00;0,00;0,00;0,00;0;309596;;;;;;FE;;;;;;;;99;;0,00;;;;;;;;;;;;0,00;;;;;;;;;;1;;;;;;;;;;;;;;;;;
001;205360;;1S;2;592331;00-00-0000;01;04/08/08;29/08/08;0,00;;0,00;;9,00;0,00;0,00;0,00;0;309597;;;;;;FE;;;;;;;;99;;0,00;;;;;;;;;;;;0,00;;;;;;;;;;1;;;;;;;;;;;;;;;;;
001;205360;;1S;2;592333;00-00-0064;01;08/08/08;02/09/08;0,00;;0,00;;9,00;0,00;0,00;0,00;0;309636;;;;;;FE;;;;;;;;99;;0,00;;;;;;;;;;;;0,00;;;;;;;;;;1;;;;;;;;;;;;;;;;;
001;205360;;1S;2;592334;00-00-0064;01;08/08/08;02/09/08;0,00;;0,00;;9,00;0,00;0,00;0,00;0;309686;;;;;;FE;;;;;;;;99;;0,00;;;;;;;;;;;;0,00;;;;;;;;;;1;;;;;;;;;;;;;;;;;
001;205360;;1S;2;592335;00-00-0000;01;13/08/08;07/09/08;0,00;;0,00;;9,00;0,00;0,00;0,00;0;309733;;;;;;FE;;;;;;;;99;;0,00;;;;;;;;;;;;0,00;;;;;;;;;;1;;;;;;;;;;;;;;;;;
001;205360;;1S;2;592337;00-00-0065;01;19/08/08;13/09/08;0,00;;0,00;;9,00;0,00;0,00;0,00;0;309814;;;;;;FE;;;;;;;;99;;0,00;;;;;;;;;;;;0,00;;;;;;;;;;1;;;;;;;;;;;;;;;;;
001;205360;;1S;2;592339;00-00-0000;01;25/08/08;19/09/08;0,00;;0,00;;9,00;0,00;0,00;0,00;0;309878;;;;;;FE;;;;;;;;99;;0,00;;;;;;;;;;;;0,00;;;;;;;;;;1;;;;;;;;;;;;;;;;;
001;205360;;1S;2;592322;00-00-0000;01;09/07/08;03/08/08;0,00;;0,00;;9,00;0,00;0,00;0,00;0;309256;;;;;;FE;;;;;;;;99;;0,00;;;;;;;;;;;;0,00;;;;;;;;;;1;;;;;;;;;;;;;;;;;
001;205360;;1S;2;592343;00-00-0000;01;05/09/08;30/09/08;0,00;;0,00;;9,00;0,00;0,00;0,00;0;310033;;;;;;FE;;;;;;;;99;;0,00;;;;;;;;;;;;0,00;;;;;;;;;;1;X;;;;;;;;;;;;;;;;
001;205360;;1S;2;592341;00-00-0000;01;01/09/08;26/09/08;0,00;;0,00;;9,00;0,00;0,00;0,00;0;309986;;;;;;FE;;;;;;;;99;;0,00;;;;;;;;;;;;0,00;;;;;;;;;;1;;;;;;;;;;;;;;;;;
001;205360;;1S;2;592340;00-00-0000;01;01/09/08;26/09/08;0,00;;0,00;;9,00;0,00;0,00;0,00;0;309985;;;;;;FE;;;;;;;;99;;0,00;;;;;;;;;;;;0,00;;;;;;;;;;1;;;;;;;;;;;;;;;;;
001;205360;;1S;2;592336;00-00-0000;01;19/08/08;13/09/08;0,00;;0,00;;9,00;0,00;0,00;0,00;0;309813;;;;;;FE;;;;;;;;99;;0,00;;;;;;;;;;;;0,00;;;;;;;;;;1;;;;;;;;;;;;;;;;;
001;205360;;1S;2;592344;00-00-0000;01;11/09/08;06/10/08;0,00;;0,00;;9,00;0,00;0,00;0,00;0;310123;;;;;;FE;;;;;;;;99;;0,00;;;;;;;;;;;;0,00;;;;;;;;;;1;X;;;;;;;;;;;;;;;;
001;205360;;1S;2;592345;00-00-0000;01;15/09/08;10/10/08;0,00;;0,00;;9,00;0,00;0,00;0,00;0;310173;;;;;;FE;;;;;;;;99;;0,00;;;;;;;;;;;;0,00;;;;;;;;;;1;;;;;;;;;;;;;;;;;
001;205360;;1S;2;592346;00-00-0000;01;15/09/08;10/10/08;0,00;;0,00;;9,00;0,00;0,00;0,00;0;310174;;;;;;FE;;;;;;;;99;;0,00;;;;;;;;;;;;0,00;;;;;;;;;;1;;;;;;;;;;;;;;;;;
001;205360;;1S;2;592347;00-00-0000;01;15/09/08;10/10/08;0,00;;0,00;;9,00;0,00;0,00;0,00;0;310175;;;;;;FE;;;;;;;;99;;0,00;;;;;;;;;;;;0,00;;;;;;;;;;1;;;;;;;;;;;;;;;;;
001;205360;;1S;2;592348;00-00-0000;01;17/09/08;12/10/08;0,00;;0,00;;9,00;0,00;0,00;0,00;0;310204;;;;;;FE;;;;;;;;99;;0,00;;;;;;;;;;;;0,00;;;;;;;;;;1;;;;;;;;;;;;;;;;;
001;205360;;1S;2;592349;00-00-0000;01;22/09/08;17/10/08;0,00;;0,00;;9,00;0,00;0,00;0,00;0;310266;;;;;;FE;;;;;;;;99;;0,00;;;;;;;;;;;;0,00;;;;;;;;;;1;;;;;;;;;;;;;;;;;
001;205360;;1S;2;592350;00-00-0000;01;30/09/08;25/10/08;0,00;;0,00;;9,00;0,00;0,00;0,00;0;310354;;;;;;FE;;;;;;;;99;;0,00;;;;;;;;;;;;0,00;;;;;;;;;;1;;;;;;;;;;;;;;;;;
001;205360;;1S;2;592352;00-00-0000;01;30/09/08;25/10/08;0,00;;0,00;;9,00;0,00;0,00;0,00;0;310356;;;;;;FE;;;;;;;;99;;0,00;;;;;;;;;;;;0,00;;;;;;;;;;1;;;;;;;;;;;;;;;;;
001;205360;;1S;2;592353;00-00-0000;01;03/10/08;28/10/08;0,00;;0,00;;9,00;0,00;0,00;0,00;0;310438;;;;;;FE;;;;;;;;99;;0,00;;;;;;;;;;;;0,00;;;;;;;;;;1;;;;;;;;;;;;;;;;;
001;205360;;1S;2;592355;00-00-0000;01;10/10/08;04/11/08;0,00;;0,00;;9,00;0,00;0,00;0,00;0;310539;;;;;;FE;;;;;;;;99;;0,00;;;;;;;;;;;;0,00;;;;;;;;;;1;;;;;;;0,00;0,00;;;;;;;;;
001;205360;;1S;2;592354;00-00-0000;01;10/10/08;04/11/08;0,00;;0,00;;9,00;0,00;0,00;0,00;0;310538;;;;;;FE;;;;;;;;99;;0,00;;;;;;;;;;;;0,00;;;;;;;;;;1;X;;;;;;0,00;0,00;;;;;;;;;
001;205360;;1S;2;592356;00-00-0000;01;10/10/08;04/11/08;0,00;;0,00;;9,00;0,00;0,00;0,00;0;310540;;;;;;FE;;;;;;;;99;;0,00;;;;;;;;;;;;0,00;;;;;;;;;;1;;;;;;;0,00;0,00;;;;;;;;;
001;117672;;1S;2;592357;00-00-0000;01;14/10/08;14/10/08;120,39;;120,39;;9,00;10,84;10,84;0,00;0;310562;;;;;;FE;;;;;;P;;0;2,00;2,46;;;;;;;;;;;;0,22;;;;;;;;;;1;;;;;;;0,00;0,00;;;;;;;;;
001;205360;;1S;2;592351;00-0000555;01;30/09/08;25/10/08;0,00;;0,00;;9,00;0,00;0,00;0,00;0;310355;;;;;;FE;;;;;;;;99;;0,00;;;;;;;;;;;;0,00;;;;;;;;;;1;;;;;;;0,00;0,00;;;;;;;;;
001;205360;;1S;2;592360;00-0000000;01;20/10/08;14/11/08;0,00;;0,00;;9,00;0,00;0,00;0,00;0;310651;;;;;;FE;;;;;;;;99;;0,00;;;;;;;;;;;;0,00;;;;;;;;;;1;;;;;;;0,00;0,00;;;;;;;;;
001;205360;;1S;2;592362;00-0000002;01;22/10/08;16/11/08;0,00;;0,00;;9,00;0,00;0,00;0,00;0;310689;;;;;;FE;;;;;;;;99;;0,00;;;;;;;;;;;;0,00;;;;;;;;;;1;;;;;;;0,00;0,00;;;;0,00;;0,00;;;
001;205360;;1S;2;592363;00-0000002;01;29/10/08;23/11/08;0,00;;0,00;;9,00;0,00;0,00;0,00;0;310795;;;;;;FE;;;;;;;;99;;0,00;;;;;;;;;;;;0,00;;;;;;;;;;1;;;;;;;0,00;0,00;;;;0,00;;0,00;;;
001;205360;;1S;2;592364;00-0000000;01;03/11/08;28/11/08;0,00;;0,00;;9,00;0,00;0,00;0,00;0;310850;;;;;;FE;;;;;;;;99;;0,00;;;;;;;;;;;;0,00;;;;;;;;;;1;;;;;;;0,00;0,00;;;;0,00;;0,00;;;
001;205360;;1S;2;592366;00-0000000;01;05/11/08;30/11/08;0,00;;0,00;;9,00;0,00;0,00;0,00;0;310874;;;;;;FE;;;;;;;;99;;0,00;;;;;;;;;;;;0,00;;;;;;;;;;1;;;;;;;0,00;0,00;;;;0,00;;0,00;;;
001;205360;;1S;2;592367;00-0000000;01;07/11/08;02/12/08;0,00;;0,00;;9,00;0,00;0,00;0,00;0;310921;;;;;;FE;;;;;;;;99;;0,00;;;;;;;;;;;;0,00;;;;;;;;;;1;X;;;;;;0,00;0,00;;;;0,00;;0,00;;;
001;205360;;1S;2;592368;00-0000000;01;11/11/08;06/12/08;0,00;;0,00;;9,00;0,00;0,00;0,00;0;310949;;;;;;FE;;;;;;;;99;;0,00;;;;;;;;;;;;0,00;;;;;;;;;;1;;;;;;;0,00;0,00;;;;0,00;;0,00;;;
001;205360;;1S;2;592369;00-0000000;01;21/11/08;16/12/08;0,00;;0,00;;9,00;0,00;0,00;0,00;0;311099;;;;;;FE;;;;;;;;99;;0,00;;;;;;;;;;;;0,00;;;;;;;;;;1;;;;;;;0,00;0,00;;;;0,00;;0,00;;;
001;205360;;1S;2;592370;00-0000000;01;28/11/08;23/12/08;0,00;;0,00;;9,00;0,00;0,00;0,00;0;311154;;;;;;FE;;;;;;;;99;;0,00;;;;;;;;;;;;0,00;;;;;;;;;;1;;;;;;;0,00;0,00;;;;0,00;;0,00;;;
001;205360;;1S;2;592371;00-0000000;01;02/12/08;27/12/08;0,00;;0,00;;9,00;0,00;0,00;0,00;0;311226;;;;;;FE;;;;;;;;99;;0,00;;;;;;;;;;;;0,00;;;;;;;;;;1;;;;;;;0,00;0,00;;;;0,00;;0,00;;;
001;205360;;1S;2;592372;00-0000000;01;15/12/08;09/01/09;0,00;;0,00;;9,00;0,00;0,00;0,00;0;311407;;;;;;FE;;;;;;;;99;;0,00;;;;;;;;;;;;0,00;;;;;;;;;;1;;;;;;;0,00;0,00;;;;0,00;;0,00;;;
001;205360;;1S;2;592374;00-0000000;01;17/12/08;11/01/09;0,00;;0,00;;9,00;0,00;0,00;0,00;0;311427;;;;;;FE;;;;;;;;99;;0,00;;;;;;;;;;;;0,00;;;;;;;;;;1;;;;;;;0,00;0,00;;;;0,00;;0,00;;;
001;205360;;1S;2;592375;00-0000000;01;18/12/08;12/01/09;0,00;;0,00;;9,00;0,00;0,00;0,00;0;311428;;;;;;FE;;;;;;;;99;;0,00;;;;;;;;;;;;0,00;;;;;;;;;;1;;;;;;;0,00;0,00;;;;0,00;;0,00;;;
001;205360;;1S;2;592378;00-0000000;01;16/02/09;13/03/09;0,00;;0,00;;9,00;0,00;0,00;0,00;0;311827;;;;;;FE;;;;;;;;99;;0,00;;;;;;;;;;;;0,00;;;;;;;;;;1;;;;;;;0,00;0,00;;;;0,00;;0,00;;;
001;205360;;1S;2;592381;00-0000000;01;27/03/09;21/04/09;0,00;;0,00;;9,00;0,00;0,00;0,00;0;312269;;;;;;FE;;;;;;;;99;;0,00;;;;;;;;;;;;0,00;;;;;;;;;;1;;;;;;;0,00;0,00;;;;0,00;;0,00;;;
001;205360;;1S;2;592380;00-0000001;01;26/03/09;20/04/09;0,00;;0,00;;9,00;0,00;0,00;0,00;0;312267;;;;;;FE;;;;;;;;99;;0,00;;;;;;;;;;;;0,00;;;;;;;;;;1;X;;;;;;0,00;0,00;;;;0,00;;0,00;;;
001;205360;;1S;2;592382;00-0000000;01;31/03/09;25/04/09;0,00;;0,00;;9,00;0,00;0,00;0,00;0;312306;;;;;;FE;;;;;;;;99;;0,00;;;;;;;;;;;;0,00;;;;;;;;;;1;;;;;;;0,00;0,00;;;;0,00;;0,00;;;
001;205360;;1S;2;592384;00-0000001;01;15/04/09;10/05/09;0,00;;0,00;;12,00;0,00;0,00;0,00;0;312410;;;;;;FE;;;;;;;;99;;0,00;;;;;;;;;;;;0,00;;;;;;;;;;1;;;;;;;0,00;0,00;;;;0,00;;0,00;;;
001;205360;;1S;2;592386;00-0000000;01;11/05/09;05/06/09;0,00;;0,00;;12,00;0,00;0,00;0,00;0;312665;;;;;;FE;;;;;;;;99;;0,00;;;;;;;;;;;;0,00;;;;;;;;;;1;X;;;;;;0,00;0,00;;;;0,00;;0,00;;;
001;205360;;1S;2;592389;00-0003080;01;16/06/09;11/07/09;0,00;;0,00;;12,00;0,00;0,00;0,00;0;313084;;;;;;FE;;;;;;;;99;;0,00;;;;;;;;;;;;0,00;;;;;;;;;;1;;;;;;;0,00;0,00;;;;0,00;;0,00;;;
001;205360;;1S;2;592390;00-0000000;01;19/06/09;14/07/09;0,00;;0,00;;12,00;0,00;0,00;0,00;0;313169;;;;;;FE;;;;;;;;99;;0,00;;;;;;;;;;;;0,00;;;;;;;;;;1;X;;;;;;0,00;0,00;;;;0,00;;0,00;;;
001;205360;;1S;2;592391;00-0000000;01;25/06/09;20/07/09;0,00;;0,00;;12,00;0,00;0,00;0,00;0;313230;;;;;;FE;;;;;;;;99;;0,00;;;;;;;;;;;;0,00;;;;;;;;;;1;;;;;;;0,00;0,00;;;;0,00;;0,00;;;
001;205360;;1S;2;592392;00-0000000;01;30/06/09;25/07/09;0,00;;0,00;;12,00;0,00;0,00;0,00;0;313277;;;;;;FE;;;;;;;;99;;0,00;;;;;;;;;;;;0,00;;;;;;;;;;1;;;;;;;0,00;0,00;;;;0,00;;0,00;;;
001;205360;;1S;2;592393;00-0000000;01;01/07/09;26/07/09;0,00;;0,00;;12,00;0,00;0,00;0,00;0;313289;;;;;;FE;;;;;;;;99;;0,00;;;;;;;;;;;;0,00;;;;;;;;;;1;;;;;;;0,00;0,00;;;;0,00;;0,00;;;
001;205360;;1S;2;592394;00-0000000;01;03/07/09;28/07/09;0,00;;0,00;;12,00;0,00;0,00;0,00;0;313356;;;;;;FE;;;;;;;;99;;0,00;;;;;;;;;;;;0,00;;;;;;;;;;1;;;;;;;0,00;0,00;;;;0,00;;0,00;;;
001;205360;;1S;2;592395;00-0000000;01;08/07/09;02/08/09;0,00;;0,00;;12,00;0,00;0,00;0,00;0;313375;;;;;;FE;;;;;;;;99;;0,00;;;;;;;;;;;;0,00;;;;;;;;;;1;;;;;;;0,00;0,00;;;;0,00;;0,00;;;
001;205360;;1S;2;592396;00-0000000;01;13/07/09;07/08/09;0,00;;0,00;;12,00;0,00;0,00;0,00;0;313431;;;;;;FE;;;;;;;;99;;0,00;;;;;;;;;;;;0,00;;;;;;;;;;1;;;;;;;0,00;0,00;;;;0,00;;0,00;;;
001;205360;;1S;2;592398;00-0000000;01;15/07/09;09/08/09;0,00;;0,00;;12,00;0,00;0,00;0,00;0;313469;;;;;;FE;;;;;;;;99;;0,00;;;;;;;;;;;;0,00;;;;;;;;;;1;;;;;;;0,00;0,00;;;;0,00;;0,00;;;
001;205360;;1S;2;592399;00-0003582;01;17/07/09;11/08/09;0,00;;0,00;;12,00;0,00;0,00;0,00;0;313479;;;;;;FE;;;;;;;;99;;0,00;;;;;;;;;;;;0,00;;;;;;;;;;1;;;;;;;0,00;0,00;;;;0,00;;0,00;;;
001;205360;;1S;2;592401;00-0000000;01;31/07/09;25/08/09;0,00;;0,00;;12,00;0,00;0,00;0,00;0;313631;;;;;;FE;;;;;;;;99;;0,00;;;;;;;;;;;;0,00;;;;-1742,39;;;;;;1;;;;;;;0,00;0,00;;;;0,00;;0,00;;;
001;205360;;1S;2;592402;00-0000000;01;06/08/09;31/08/09;0,00;;0,00;;12,00;0,00;0,00;0,00;0;313693;;;;;;FE;;;;;;;;99;;0,00;;;;;;;;;;;;0,00;;;;;;;;;;1;;;;;;;0,00;0,00;;;;0,00;;0,00;;;
001;205360;;1S;2;592403;00-0000000;01;10/08/09;04/09/09;0,00;;0,00;;12,00;0,00;0,00;0,00;0;313737;;;;;;FE;;;;;;;;99;;0,00;;;;;;;;;;;;0,00;;;;;;;;;;1;X;;;;;;0,00;0,00;;;;0,00;;0,00;;;
001;205360;;1S;2;592405;00-0000000;01;18/08/09;12/09/09;0,00;;0,00;;12,00;0,00;0,00;0,00;0;313846;;;;;;FE;;;;;;;;99;;0,00;;;;;;;;;;;;0,00;;;;;;;;;;1;;;;;;;0,00;0,00;;;;0,00;;0,00;;;
001;205360;;1S;2;592406;00-0000000;01;21/08/09;15/09/09;0,00;;0,00;;12,00;0,00;0,00;0,00;0;313912;;;;;;FE;;;;;;;;99;;0,00;;;;;;;;;;;;0,00;;;;;;;;;;1;X;;;;;;0,00;0,00;;;;0,00;;0,00;;;
001;053839;888902;3M;1;193701;00-0003900;01;21/08/09;15/09/09;0,00;0,00;0,00;;12,00;0,00;0,00;0,00;0;313897;;29/09/09;0;;;22;;25/08/09;;R;;;;1;2,00;10,45;;;;;;;35404;;31/08/09;D;35404;1,25;;X;;-573,50;;;3M;11/09/09;93267;1;;;;X;;;0,00;0,00;;;;0,00;;0,00;;;
001;053839;888902;3M;1;193700;00-0003913;01;21/08/09;15/09/09;0,00;0,00;0,00;;12,00;0,00;0,00;0,00;0;313896;;29/09/09;0;;;33;;25/08/09;;;;;;1;2,00;10,41;;;;;;;;;25/08/09;D;35392;1,25;;X;;-1913,63;;;3M;11/09/09;93267;1;;;;X;;;0,00;0,00;;;;0,00;;0,00;;;
001;205360;;1S;2;592407;00-0000000;01;26/08/09;20/09/09;0,00;;0,00;;12,00;0,00;0,00;0,00;0;313953;;;;;;FE;;;;;;;;99;;0,00;;;;;;;;;;;;0,00;;;;;;;;;;1;;;;;;;0,00;0,00;;;;0,00;;0,00;;;
001;205360;;1S;2;592408;00-0000000;01;31/08/09;25/09/09;0,00;;0,00;;12,00;0,00;0,00;0,00;0;314027;;;;;;FE;;;;;;;;99;;0,00;;;;;;;;;;;;0,00;;;;;;;;;;1;X;;;;;;0,00;0,00;;;;0,00;;0,00;;;
001;205360;;1S;2;592409;00-0000000;01;31/08/09;25/09/09;0,00;;0,00;;12,00;0,00;0,00;0,00;0;314028;;;;;;FE;;;;;;;;99;;0,00;;;;;;;;;;;;0,00;;;;;;;;;;1;;;;;;;0,00;0,00;;;;0,00;;0,00;;;
001;205360;;1S;2;592410;00-0000000;01;08/09/09;03/10/09;0,00;;0,00;;12,00;0,00;0,00;0,00;0;314115;;;;;;FE;;;;;;;;99;;0,00;;;;;;;;;;;;0,00;;;;;;;;;;1;X;;;;;;0,00;0,00;;;;0,00;;0,00;;;
001;205360;;1S;2;592411;00-0000000;01;08/09/09;03/10/09;0,00;;0,00;;12,00;0,00;0,00;0,00;0;314116;;;;;;FE;;;;;;;;99;;0,00;;;;;;;;;;;;0,00;;;;;;;;;;1;;;;;;;0,00;0,00;;;;0,00;;0,00;;;
001;951516;000028;2Q;1;193964;00-0004207;01;15/09/09;15/09/09;0,00;0,00;0,00;;12,00;0,00;0,00;0,00;0;314221;;29/09/09;0;;;55;;17/09/09;;R;;P;;0;2,00;36,00;E;;;;;;;;17/09/09;D;35486;4,32;;;;-1975,68;;;2Q;20/11/09;96721;1;;;;X;;;0,00;0,00;;;;0,00;;0,00;;;
001;205360;;1S;2;592412;00-0000000;01;16/09/09;11/10/09;0,00;;0,00;;12,00;0,00;0,00;0,00;0;314226;;;;;;FE;;;;;;;;99;;0,00;;;;;;;;;;;;0,00;;;;;;;;;;1;;;;;;;0,00;0,00;;;;0,00;;0,00;;;
001;124802;478219;1S;1;193977;00-0004225;01;17/09/09;17/09/09;0,00;0,00;0,00;;12,00;0,00;0,00;0,00;0;314235;;29/09/09;0;;;43;;24/09/09;;R;;P;;0;2,00;10,85;;;;;;;;;24/09/09;D;35513;1,30;;;;-595,34;;;2Q;20/11/09;96721;1;;;;X;;;0,00;0,00;;;;0,00;;0,00;;;
001;054538;677997;3M;1;193994;00-0004247;01;18/09/09;18/09/09;0,00;0,00;0,00;;12,00;0,00;0,00;0,00;0;314257;;29/09/09;0;;;33;;22/09/09;;R;;P;;0;4,00;101,53;;;;;;;;;22/09/09;D;35497;12,18;;X;;-2726,46;;;;;;1;;;;X;;;0,00;0,00;;;;0,00;;0,00;;;
001;205360;;1S;2;592413;00-0000000;01;23/09/09;18/10/09;0,00;;0,00;;12,00;0,00;0,00;0,00;0;314316;;;;;;FE;;;;;;;;99;;0,00;;;;;;;;;;;;0,00;;;;;;;;;;1;;;;;;;0,00;0,00;;;;0,00;;0,00;;;
001;205360;;1S;2;592415;00-0000000;01;07/10/09;01/11/09;0,00;;0,00;;12,00;0,00;0,00;0,00;0;314516;;;;;;FE;;;;;;;;99;;0,00;;;;;;;;;;;;0,00;;;;;;;;;;1;;;;;;;0,00;0,00;;;;0,00;;0,00;;;
001;205360;;1S;2;592416;00-0000000;01;28/10/09;22/11/09;0,00;;0,00;;12,00;0,00;0,00;0,00;0;314728;;;;;;FE;;;;;;;;99;;0,00;;;;;;;;;;;;0,00;;;;;;;;;;1;;;;;;;0,00;0,00;;;;0,00;;0,00;;;
001;205360;;1S;2;592417;00-0000000;01;03/11/09;28/11/09;0,00;;0,00;;12,00;0,00;0,00;0,00;0;314798;;;;;;FE;;;;;;;;99;;0,00;;;;;;;;;;;;0,00;;;;;;;;;;1;;;;;;;0,00;0,00;;;;0,00;;0,00;;;
001;205360;;1S;2;592418;00-0000000;01;16/11/09;11/12/09;0,00;;0,00;;12,00;0,00;0,00;0,00;0;314956;;;;;;FE;;;;;;;;99;;0,00;;;;;;;;;;;;0,00;;;;;;;;;;1;;;;;;;0,00;0,00;;;;0,00;;0,00;;;
001;205360;;1S;2;592420;00-0000000;01;24/11/09;19/12/09;0,00;;0,00;;12,00;0,00;0,00;0,00;0;315067;;;;;;FE;;;;;;;;99;;0,00;;;;;;;;;;;;0,00;;;;;;;;;;1;;;;;;;0,00;0,00;;;;0,00;;0,00;;;
001;205360;;1S;2;592421;00-0000000;01;02/12/09;27/12/09;0,00;;0,00;;12,00;0,00;0,00;0,00;0;315199;;;;;;FE;;;;;;;;99;;0,00;;;;;;;;;;;;0,00;;;;;;;;;;1;;;;;;;0,00;0,00;;;;0,00;;0,00;;;
001;205360;;1S;2;592424;00-0000000;01;10/12/09;04/01/10;0,00;;0,00;;12,00;0,00;0,00;0,00;0;315320;;;;;;FE;;;;;;;;99;;0,00;;;;;;;;;;;;0,00;;;;;;;;;;1;;;;;;;0,00;0,00;;;;0,00;;0,00;;;
001;115200;;2Q;2;592425;00-0000000;01;11/12/09;05/01/10;2241,20;;2241,20;;12,00;268,94;268,94;0,00;0;315239;;;;;;FE;;;;;;;;99;0,00;0,00;;;;;;;;;;;;0,00;;;;;;;;;;1;X;;;;;;0,00;0,00;;;;0,00;;0,00;;;
001;205360;;1S;2;592427;00-0000000;01;18/12/09;12/01/10;0,00;;0,00;;12,00;0,00;0,00;0,00;0;315390;;;;;;FE;;;;;;;;99;;0,00;;;;;;;;;;;;0,00;;;;;;;;;;1;;;;;;;0,00;0,00;;;;0,00;;0,00;;;
001;205360;;1S;2;592429;00-0000000;01;25/01/10;19/02/10;0,00;;0,00;;12,00;0,00;0,00;0,00;0;315662;;;;;;FE;;;;;;;;99;;0,00;;;;;;;;;;;;0,00;;;;;;;;;;1;;;;;;;0,00;0,00;;;;0,00;;0,00;;;
001;205360;;1S;2;592430;00-0000000;01;12/02/10;09/03/10;0,00;;0,00;;12,00;0,00;0,00;0,00;0;315898;;;;;;FE;;;;;;;;99;;0,00;;;;;;;;;;;;0,00;;;;;;;;;;1;X;;;;;;0,00;0,00;;;;0,00;;0,00;;;
001;092011;000037;3S;1;194518;00-0005351;01;11/11/09;06/12/09;0,00;-16508,71;0,00;;12,00;0,00;0,00;;0;314884;;26/02/10;0;;;22;;12/11/09;;R;;;;1;2,00;336,84;;;;;;;;;12/11/09;D;35702;40,42;;;;-52198,56;;;FR;17/02/10;99728;1;;;;;;;;;;;;;;;;;
001;953303;000374;1S;1;195630;00-0006671;01;26/02/10;26/02/10;0,00;0,00;0,00;;12,00;0,00;0,00;;0;316165;;11/03/10;0;;;46;;02/03/10;;R;;;;0;4,00;712,74;;;;;;;;;02/03/10;D;36033;85,53;;;;-4565,24;;;4S;11/03/10;100799;1;;;;;;;;;;;;;;;;;
001;205360;;1S;2;592433;00-0000000;01;15/03/10;09/04/10;0,00;;0,00;;12,00;0,00;0,00;0,00;0;316389;;;;;;FE;;;;;;;;99;;0,00;;;;;;;;;;;;0,00;;;;;;;;;;1;;;;;;;0,00;0,00;;;;0,00;;0,00;;;
001;205360;;1S;2;592434;00-0000000;01;17/03/10;11/04/10;0,00;;0,00;;12,00;0,00;0,00;0,00;0;316424;;;;;;FE;;;;;;;;99;;0,00;;;;;;;;;;;;0,00;;;;;;;;;;1;;;;;;;0,00;0,00;;;;0,00;;0,00;;;
001;205360;;1S;2;592435;00-0000000;01;09/04/10;04/05/10;0,00;;0,00;;12,00;0,00;0,00;0,00;0;316754;;;;;;FE;;;;;;;;99;;0,00;;;;;;;;;;;;0,00;;;;;;;;;;1;;;;;;;0,00;0,00;;;;0,00;;0,00;;;
001;205360;;1S;2;592437;00-0000000;01;27/04/10;22/05/10;0,00;;0,00;;12,00;0,00;0,00;0,00;0;317056;;;;;;FE;;;;;;;;99;;0,00;;;;;;;;;;;;0,00;;;;;;;;;;1;;;;;;;0,00;0,00;;;;0,00;;0,00;;;
001;205360;;1S;2;592438;00-0000000;01;29/04/10;24/05/10;0,00;;0,00;;12,00;0,00;0,00;0,00;0;317085;;;;;;FE;;;;;;;;99;;0,00;;;;;;;;;;;;0,00;;;;;;;;;;1;;;;;;;0,00;0,00;;;;0,00;;0,00;;;
001;205360;;1S;2;592439;00-0000000;01;06/05/10;31/05/10;0,00;;0,00;;12,00;0,00;0,00;0,00;0;317165;;;;;;FE;;;;;;;;99;;0,00;;;;;;;;;;;;0,00;;;;;;;;;;1;;;;;;;0,00;0,00;;;;0,00;;0,00;;;
001;205360;;1S;2;592440;00-0000000;01;18/05/10;12/06/10;0,00;;0,00;;12,00;0,00;0,00;0,00;0;317316;;;;;;FE;;;;;;;;99;;0,00;;;;;;;;;;;;0,00;;;;;;;;;;1;;;;;;;0,00;0,00;;;;0,00;;0,00;;;
001;205360;;1S;2;592441;00-0000000;01;25/05/10;19/06/10;216,56;;216,56;;12,00;25,99;25,99;0,00;0;317459;;;;;;FE;;;;;;;;99;0,00;0,00;;;;;;;;;;;;0,00;;;;;;;;;;1;;;;;;;0,00;0,00;;;;0,00;;0,00;;;
001;205360;;1S;2;592443;00-0000000;01;31/05/10;25/06/10;0,00;;0,00;;12,00;0,00;0,00;0,00;0;317525;;;;;;FE;;;;;;;;99;;0,00;;;;;;;;;;;;0,00;;;;;;;;;;1;;;;;;;0,00;0,00;;;;0,00;;0,00;;;
001;104370;667873;1U;1;197275;00-0008601;01;26/07/10;20/08/10;0,00;0,00;0,00;;12,00;0,00;0,00;0,00;0;318125;;28/07/10;0;;;22;;27/07/10;;R;;;;1;0,00;0,00;;;;;;;;;27/07/10;D;36625;0,00;;;;-14895,73;;;FR;04/08/10;108012;1;;;;X;;;0,00;0,00;;;;0,00;;0,00;;;
001;205360;;1S;2;592444;00-0000000;01;30/07/10;24/08/10;0,00;;0,00;;12,00;0,00;0,00;0,00;0;318215;;;;;;FE;;;;;;;;99;;0,00;;;;;;;;;;;;0,00;;;;;;;;;;1;;;;;;;0,00;0,00;;;;0,00;;0,00;;;
001;117672;;1S;2;592445;00-0000001;01;06/08/10;06/08/10;185,22;;185,22;;12,00;22,23;22,23;0,00;0;318316;;;;;;FE;;;;;;P;;0;4,00;7,73;;;;;;;;;;;;0,93;;;;;;;;;;1;;;;;;;0,00;0,00;;;;0,00;;0,00;;;
001;205360;;1S;2;592447;00-0000000;01;09/08/10;03/09/10;0,00;;0,00;;12,00;0,00;0,00;0,00;0;318347;;;;;;FE;;;;;;;;99;;0,00;;;;;;;;;;;;0,00;;;;;;;;;;1;;;;;;;0,00;0,00;;;;0,00;;0,00;;;
001;207851;478490;1S;2;592448;00-0000000;01;23/08/10;23/08/10;547,20;;547,20;;12,00;65,66;65,66;0,00;0;318529;;;;;;FE;;;;;;P;;0;4,00;22,80;;;;;;;;;;;;2,74;;;;;;;;;;1;;;;;;;0,00;0,00;;;;0,00;;0,00;;;
001;107648;650011;1U;1;197777;00-0009213;01;27/08/10;21/09/10;0,00;0,00;0,00;;12,00;0,00;0,00;0,00;0;318733;;01/09/10;0;;;22;;31/08/10;;R;;;;1;0,00;0,00;;;;;;;;;31/08/10;D;36790;0,00;;;;-3101,05;;;FR;03/09/10;109707;1;;;;X;;;0,00;0,00;;;;0,00;;0,00;;;
001;107467;775424;1U;1;197788;00-0009246;01;27/08/10;21/09/10;0,00;0,00;0,00;;12,00;0,00;0,00;0,00;0;318745;;02/09/10;0;;;22;;01/09/10;;R;;;;1;0,00;0,00;;;;;;;;;02/09/10;D;36797;0,00;;;;-5033,30;;;FR;04/11/10;112728;1;;;;X;;;0,00;0,00;;;;0,00;;0,00;;;
001;205360;;1S;2;592453;00-0000001;01;28/09/10;23/10/10;0,00;;0,00;;12,00;0,00;0,00;0,00;0;319238;;;;;;FE;;;;;;;;99;;0,00;;;;;;;;;;;;0,00;;;;;;;;;;1;;;;;;;0,00;0,00;;;;0,00;;0,00;;;
001;205360;;1S;2;592456;00-0000001;01;30/09/10;25/10/10;0,00;;0,00;;12,00;0,00;0,00;0,00;0;319287;;;;;;FE;;;;;;;;99;;0,00;;;;;;;;;;;;0,00;;;;;;;;;;1;;;;;;;0,00;0,00;;;;0,00;;0,00;;;
001;205360;;1S;2;592458;00-0000000;01;18/10/10;12/11/10;0,00;;0,00;;12,00;0,00;0,00;0,00;0;319544;;;;;;FE;;;;;;P;;0;;0,00;;;;;;;;;;;;0,00;;;;;;;;;;1;;;;;;;0,00;0,00;;;;0,00;;0,00;;;
001;205360;;1S;2;592459;00-0000000;01;19/10/10;13/11/10;0,00;;0,00;;12,00;0,00;0,00;0,00;0;319555;;;;;;FE;;;;;;;;99;;0,00;;;;;;;;;;;;0,00;;;;;;;;;;1;;;;;;;0,00;0,00;;;;0,00;;0,00;;;
001;197806;478447;4S;1;198518;00-0010083;01;25/10/10;19/11/10;2374,05;;2374,05;;12,00;284,89;284,89;0,00;0;319591;;;;;;44;;26/10/10;;;;;;1;2,00;48,45;;;;;;;;;26/10/10;D;37037;5,81;;;;;;;4S;04/04/14;159115;1;;;;X;;;0,00;0,00;;;;0,00;;0,00;;;
001;197806;478447;4S;1;198671;00-0010263;01;04/11/10;29/11/10;8587,74;;8587,74;;12,00;1030,53;1030,53;0,00;0;319770;;;;;;43;;05/11/10;;R;;;;1;2,00;175,26;;;;;;;;;05/11/10;D;37073;21,03;;;;;;;4S;04/04/14;159115;1;;;;X;;;0,00;0,00;;;;0,00;;0,00;;;
001;205360;;1S;2;592466;00-0000000;01;07/12/10;01/01/11;0,00;;0,00;;12,00;0,00;0,00;0,00;0;320222;;;;;;FE;;;;;;P;;0;;0,00;;;;;;;;;;;;0,00;;;;;;;;;;1;;;;;;;0,00;0,00;;;;0,00;;0,00;;;
001;205360;;1S;2;592467;00-0000000;01;14/12/10;08/01/11;0,00;;0,00;;12,00;0,00;0,00;0,00;0;320338;;;;;;FE;;;;;;;;99;;0,00;;;;;;;;;;;;0,00;;;;;;;;;;1;;;;;;;0,00;0,00;;;;0,00;;0,00;;;
001;205360;;1S;2;592471;00-0000000;01;14/02/11;11/03/11;0,00;;0,00;;12,00;0,00;0,00;0,00;0;321076;;;;;;FE;;;;;;;;99;;0,00;;;;;;;;;;;;0,00;;;;;;;;;;1;;;;;;;0,00;0,00;;;;0,00;;0,00;;;
001;205360;;1S;2;592472;00-0000000;01;22/02/11;19/03/11;0,00;;0,00;;12,00;0,00;0,00;0,00;0;321211;;;;;;FE;;;;;;;;99;;0,00;;;;;;;;;;;;0,00;;;;;;;;;;1;;;;;;;0,00;0,00;;;;0,00;;0,00;;;
001;205360;;1S;2;592475;00-0000000;01;17/03/11;11/04/11;0,00;;0,00;;12,00;0,00;0,00;0,00;0;321623;;;;;;FE;;;;;;P;;0;;0,00;;;;;;;;;;;;0,00;;;;;;;;;;1;;;;;;;0,00;0,00;;;;0,00;;0,00;;;
001;205360;;1S;2;592478;00-0000000;01;31/03/11;25/04/11;0,00;;0,00;;12,00;0,00;0,00;0,00;0;321728;;;;;;FE;;;;;;P;;0;;0,00;;;;;;;;;;;;0,00;;;;;;;;;;1;;;;;;;0,00;0,00;;;;0,00;;0,00;;;
001;205360;;1S;2;592479;00-0000000;01;29/04/11;24/05/11;0,00;;0,00;;12,00;0,00;0,00;0,00;0;322011;;;;;;FE;;;;;;P;;0;;0,00;;;;;;;;;;;;0,00;;;;;;;;;;1;;;;;;;0,00;0,00;;;;0,00;;0,00;;;
001;205360;;1S;2;592480;00-0000000;01;31/05/11;25/06/11;0,00;;0,00;;12,00;0,00;0,00;0,00;0;322330;;;;;;FE;;;;;;P;;0;;0,00;;;;;;;;;;;;0,00;;;;;;;;;;1;;;;;;;0,00;0,00;;;;0,00;;0,00;;;
001;205360;;1S;2;592481;00-0000000;01;31/05/11;25/06/11;0,00;;0,00;;12,00;0,00;0,00;0,00;0;322332;;;;;;FE;;;;;;P;;0;;0,00;;;;;;;;;;;;0,00;;;;;;;;;;1;;;;;;;0,00;0,00;;;;0,00;;0,00;;;
001;205360;;1S;2;592482;00-0000000;01;20/06/11;15/07/11;0,00;;0,00;;12,00;0,00;0,00;0,00;0;322544;;;;;;FE;;;;;;P;;0;;0,00;;;;;;;;;;;;0,00;;;;;;;;;;1;;;;;;;0,00;0,00;;;;0,00;;0,00;;;
001;205360;;1S;2;592485;00-0000000;01;06/07/11;31/07/11;0,00;;0,00;;12,00;0,00;0,00;0,00;0;322678;;;;;;FE;;;;;;;;99;;0,00;;;;;;;;;;;;0,00;;;;;;;;;;1;;;;;;;0,00;0,00;;;;0,00;;0,00;;;
001;205360;;1S;2;592487;00-0000000;01;14/07/11;08/08/11;0,00;;0,00;;12,00;0,00;0,00;0,00;0;322834;;;;;;FE;;;;;;P;;0;;0,00;;;;;;;;;;;;0,00;;;;;;;;;;1;;;;;;;0,00;0,00;;;;0,00;;0,00;;;
001;110024;;2Q;2;592488;00-0000000;01;15/07/11;15/07/11;249,16;;249,16;;12,00;29,90;29,90;0,00;0;322846;;;;;;FE;;;;;;P;;0;2,00;5,08;;;;;;;;;;;;0,61;;;;;;;;;;1;;;;;;;0,00;0,00;;;;0,00;;0,00;;;
001;205360;;1S;2;592490;00-0000000;01;28/07/11;22/08/11;0,00;;0,00;;12,00;0,00;0,00;0,00;0;322984;;;;;;FE;;;;;;;;99;;0,00;;;;;;;;;;;;0,00;;;;;;;;;;1;;;;;;;0,00;0,00;;;;0,00;;0,00;;;
001;205360;;1S;2;592492;00-0000000;01;08/08/11;02/09/11;0,00;;0,00;;12,00;0,00;0,00;0,00;0;323095;;;;;;FE;;;;;;;;99;;0,00;;;;;;;;;;;;0,00;;;;;;;;;;1;;;;;;;0,00;0,00;;;;0,00;;0,00;;;
001;205360;;1S;2;592493;00-0000000;01;23/08/11;17/09/11;0,00;;0,00;;12,00;0,00;0,00;0,00;0;323320;;;;;;FE;;;;;;P;;0;;0,00;;;;;;;;;;;;0,00;;;;;;;;;;1;;;;;;;0,00;0,00;;;;0,00;;0,00;;;
001;205360;;1S;2;592496;00-0000000;01;06/09/11;01/10/11;0,00;;0,00;;12,00;0,00;0,00;0,00;0;323530;;;;;;FE;;;;;;;;99;;0,00;;;;;;;;;;;;0,00;;;;;;;;;;1;;;;;;;0,00;0,00;;;;0,00;;0,00;;;
001;205360;;1S;2;592497;00-0000000;01;13/09/11;08/10/11;0,00;;0,00;;12,00;0,00;0,00;0,00;0;323639;;;;;;FE;;;;;;;;99;;0,00;;;;;;;;;;;;0,00;;;;;;;;;;1;;;;;;;0,00;0,00;;;;0,00;;0,00;;;
001;205360;;1S;2;592499;00-0000000;01;30/09/11;25/10/11;0,00;;0,00;;12,00;0,00;0,00;0,00;0;323932;;;;;;FE;;;;;;;;99;;0,00;;;;;;;;;;;;0,00;;;;;;;;;;1;;;;;;;0,00;0,00;;;;0,00;;0,00;;;
001;205360;;1S;2;592500;00-0000000;01;04/10/11;29/10/11;0,00;;0,00;;12,00;0,00;0,00;0,00;0;324009;;;;;;FE;;;;;;;;99;;0,00;;;;;;;;;;;;0,00;;;;;;;;;;1;;;;;;;0,00;0,00;;;;0,00;;0,00;;;
001;205360;;1S;2;592503;00-0000000;01;20/10/11;14/11/11;0,00;;0,00;;12,00;0,00;0,00;0,00;0;324429;;;;;;FE;;;;;;;;99;;0,00;;;;;;;;;;;;0,00;;;;;;;;;;1;;;;;;;0,00;0,00;;;;0,00;;0,00;;;
001;205360;;1S;2;592506;00-0000000;01;31/10/11;25/11/11;0,00;;0,00;;12,00;0,00;0,00;0,00;0;324609;;;;;;FE;;;;;;;;99;;0,00;;;;;;;;;;;;0,00;;;;;;;;;;1;;;;;;;0,00;0,00;;;;0,00;;0,00;;;
001;205360;;1S;2;592507;00-0000000;01;21/11/11;16/12/11;0,00;;0,00;;12,00;0,00;0,00;0,00;0;325024;;;;;;FE;;;;;;;;99;;0,00;;;;;;;;;;;;0,00;;;;;;;;;;1;;;;;;;0,00;0,00;;;;0,00;;0,00;;;
001;205360;;1S;2;592510;00-0000000;01;12/12/11;06/01/12;0,00;;0,00;;12,00;0,00;0,00;0,00;0;325363;;;;;;FE;;;;;;P;;0;;0,00;;;;;;;;;;;;0,00;;;;;;;;;;1;;;;;;;0,00;0,00;;;;0,00;;0,00;;;
001;205360;;1S;2;592514;00-0000000;01;31/01/12;25/02/12;0,00;;0,00;;12,00;0,00;0,00;0,00;0;325722;;;;;;FE;;;;;;;;99;;0,00;;;;;;;;;;;;0,00;;;;;;;;;;1;;;;;;;0,00;0,00;;;;0,00;;0,00;;;
001;205360;;1S;2;592518;00-0000000;01;29/02/12;25/03/12;0,00;;0,00;;12,00;0,00;0,00;0,00;0;326300;;;;;;FE;;;;;;;;99;;0,00;;;;;;;;;;;;0,00;;;;;;;;;;1;;;;;;;0,00;0,00;;;;0,00;;0,00;;;
001;205360;;1S;2;592520;00-0000000;01;13/03/12;07/04/12;0,00;;0,00;;12,00;0,00;0,00;0,00;0;326496;;;;;;FE;;;;;;;;99;;0,00;;;;;;;;;;;;0,00;;;;;;;;;;1;;;;;;;0,00;0,00;;;;0,00;;0,00;;;
001;205360;;1S;2;592522;00-0000000;01;30/03/12;24/04/12;0,00;;0,00;;12,00;0,00;0,00;0,00;0;326810;;;;;;FE;;;;;;;;99;;0,00;;;;;;;;;;;;0,00;;;;;;;;;;1;;;;;;;0,00;0,00;;;;0,00;;0,00;;;
001;205360;;1S;2;592525;00-0000000;01;23/04/12;18/05/12;0,00;;0,00;;12,00;0,00;0,00;0,00;0;327069;;;;;;FE;;;;;;;;99;;0,00;;;;;;;;;;;;0,00;;;;;;;;;;1;;;;;;;0,00;0,00;;;;0,00;;0,00;;;
001;205360;;1S;2;592526;00-0000002;01;30/04/12;25/05/12;0,00;;0,00;;12,00;0,00;0,00;0,00;0;327173;;;;;;FE;;;;;;;;99;;0,00;;;;;;;;;;;;0,00;;;;;;;;;;1;;;;;;;0,00;0,00;;;;0,00;;0,00;;;
001;205360;;1S;2;592528;00-0000000;01;30/05/12;24/06/12;0,00;;0,00;;12,00;0,00;0,00;0,00;0;327639;;;;;;FE;;;;;;;;99;;0,00;;;;;;;;;;;;0,00;;;;;;;;;;1;;;;;;;0,00;0,00;;;;0,00;;0,00;;;
001;205360;;1S;2;592529;00-0018107;01;31/05/12;25/06/12;0,00;;0,00;;12,00;0,00;0,00;0,00;0;327649;;;;;;FE;;;;;;P;;0;;0,00;;;;;;;;;;;;0,00;;;;;;;;;;1;;;;;;;0,00;0,00;;;;0,00;;0,00;;;
001;205360;;1S;2;592530;00-0000000;01;19/06/12;14/07/12;0,00;;0,00;;12,00;0,00;0,00;0,00;0;327864;;;;;;FE;;;;;;;;99;;0,00;;;;;;;;;;;;0,00;;;;;;;;;;1;;;;;;;0,00;0,00;;;;0,00;;0,00;;;
001;205360;;1S;2;592532;00-0000000;01;29/06/12;24/07/12;0,00;;0,00;;12,00;0,00;0,00;0,00;0;328018;;;;;;FE;;;;;;;;99;;0,00;;;;;;;;;;;;0,00;;;;;;;;;;1;;;;;;;0,00;0,00;;;;0,00;;0,00;;;
001;205360;;1S;2;592533;00-0000000;01;12/07/12;06/08/12;0,00;;0,00;;12,00;0,00;0,00;0,00;0;328110;;;;;;FE;;;;;;P;;0;;0,00;;;;;;;;;;;;0,00;;;;;;;;;;1;;;;;;;0,00;0,00;;;;0,00;;0,00;;;
001;205360;;1S;2;592534;00-0000000;01;06/08/12;31/08/12;0,00;;0,00;;12,00;0,00;0,00;0,00;0;328506;;;;;;FE;;;;;;P;;0;;0,00;;;;;;;;;;;;0,00;;;;;;;;;;1;;;;;;;0,00;0,00;;;;0,00;;0,00;;;
001;205360;;1S;2;592538;00-0000000;01;14/08/12;08/09/12;0,00;;0,00;;12,00;0,00;0,00;0,00;0;328636;;;;;;FE;;;;;;;;99;;0,00;;;;;;;;;;;;0,00;;;;;;;;;;1;;;;;;;0,00;0,00;;;;0,00;;0,00;;;
001;205360;;1S;2;592540;00-0000000;01;24/08/12;18/09/12;0,00;;0,00;;12,00;0,00;0,00;0,00;0;328896;;;;;;FE;;;;;;;;99;;0,00;;;;;;;;;;;;0,00;;;;;;;;;;1;;;;;;;0,00;0,00;;;;0,00;;0,00;;;
001;205360;;1S;2;592541;00-0000000;01;24/08/12;18/09/12;0,00;;0,00;;12,00;0,00;0,00;0,00;0;328897;;;;;;FE;;;;;;P;;0;;0,00;;;;;;;;;;;;0,00;;;;;;;;;;1;;;;;;;0,00;0,00;;;;0,00;;0,00;;;
001;205360;;1S;2;592542;00-0000000;01;30/08/12;24/09/12;0,00;;0,00;;12,00;0,00;0,00;0,00;0;328979;;;;;;FE;;;;;;;;99;;0,00;;;;;;;;;;;;0,00;;;;;;;;;;1;;;;;;;0,00;0,00;;;;0,00;;0,00;;;
001;205360;;1S;2;592544;00-0000000;01;28/09/12;23/10/12;0,00;;0,00;;12,00;0,00;0,00;0,00;0;329334;;;;;;FE;;;;;;P;;0;;0,00;;;;;;;;;;;;0,00;;;;;;;;;;1;;;;;;;0,00;0,00;;;;0,00;;0,00;;;
001;205360;;1S;2;592543;00-0000001;01;27/09/12;22/10/12;0,00;;0,00;;12,00;0,00;0,00;0,00;0;329331;;;;;;FE;;;;;;;;99;;0,00;;;;;;;;;;;;0,00;;;;;;;;;;1;;;;;;;0,00;0,00;;;;0,00;;0,00;;;
001;205360;;1S;2;592546;00-0000000;01;11/10/12;05/11/12;0,00;;0,00;;12,00;0,00;0,00;0,00;0;329487;;;;;;FE;;;;;;P;;0;;0,00;;;;;;;;;;;;0,00;;;;;;;;;;1;;;;;;;0,00;0,00;;;;0,00;;0,00;;;
001;205360;;1S;2;592547;00-0000000;01;30/10/12;24/11/12;0,00;;0,00;;12,00;0,00;0,00;0,00;0;329729;;;;;;FE;;;;;;;;99;;0,00;;;;;;;;;;;;0,00;;;;;;;;;;1;;;;;;;0,00;0,00;;;;0,00;;0,00;;;
001;205360;;1S;2;592548;00-0000000;01;13/12/12;07/01/13;0,00;;0,00;;12,00;0,00;0,00;0,00;0;330428;;;;;;FE;;;;;;;;99;;0,00;;;;;;;;;;;;0,00;;;;;;;;;;1;;;;;;;0,00;0,00;;;;0,00;;0,00;;;
001;205360;;1S;2;592551;00-0000000;01;04/02/13;01/03/13;0,00;;0,00;;12,00;0,00;0,00;0,00;0;330744;;;;;;FE;;;;;;;;99;;0,00;;;;;;;;;;;;0,00;;;;;;;;;;1;;;;;;;0,00;0,00;;;;0,00;;0,00;;;
001;205360;;1S;2;592553;00-0000000;01;28/02/13;25/03/13;0,00;;0,00;;12,00;0,00;0,00;0,00;0;330914;;;;;;FE;;;;;;;;99;;0,00;;;;;;;;;;;;0,00;;;;;;;;;;1;;;;;;;0,00;0,00;;;;0,00;;0,00;;;
001;205360;;1S;2;592555;00-0000000;01;19/03/13;13/04/13;0,00;;0,00;;12,00;0,00;0,00;0,00;0;331095;;;;;;FE;;;;;;;;99;;0,00;;;;;;;;;;;;0,00;;;;;;;;;;1;;;;;;;0,00;0,00;;;;0,00;;0,00;;;
001;205360;;1S;2;592557;00-0000000;01;30/04/13;25/05/13;0,00;;0,00;;12,00;0,00;0,00;0,00;0;331418;;;;;;FE;;;;;;;;99;;0,00;;;;;;;;;;;;0,00;;;;;;;;;;1;;;;;;;0,00;0,00;;;;0,00;;0,00;;;
001;117672;;1S;2;592560;00-0000000;01;22/05/13;16/06/13;555,19;;555,19;;12,00;66,62;66,62;0,00;0;331703;;;;;;FE;;;;;;;;99;0,00;0,00;;;;;;;;;;;;0,00;;;;;;;;;;1;;;;;;;0,00;0,00;;;;0,00;;0,00;;;
001;205360;;1S;2;592561;00-0000000;01;30/05/13;24/06/13;0,00;;0,00;;12,00;0,00;0,00;0,00;0;331766;;;;;;FE;;;;;;;;99;;0,00;;;;;;;;;;;;0,00;;;;;;;;;;1;;;;;;;0,00;0,00;;;;0,00;;0,00;;;
001;205360;;1S;2;592562;00-0000001;01;28/06/13;23/07/13;0,00;;0,00;;12,00;0,00;0,00;0,00;0;332082;;;;;;FE;;;;;;;;99;;0,00;;;;;;;;;;;;0,00;;;;;;;;;;1;;;;;;;0,00;0,00;;;;0,00;;0,00;;;
001;205360;;1S;2;592564;00-0000000;01;29/07/13;23/08/13;0,00;;0,00;;12,00;0,00;0,00;0,00;0;332375;;;;;;FE;;;;;;P;;0;;0,00;;;;;;;;;;;;0,00;;;;;;;;;;1;;;;;;;0,00;0,00;;;;0,00;;0,00;;;
001;115200;;2Q;2;592570;00-0000000;01;06/11/13;01/12/13;2145,90;;2145,90;;12,00;223,55;223,55;283,00;0;333453;;;;;;FE;;;;;;;;99;0,00;0,00;;;;;;;;;;;;0,00;;;;;;;;;;1;;;;;;;0,00;0,00;;;;0,00;;0,00;;;
001;205360;;1S;2;592571;00-0000000;01;21/11/13;16/12/13;0,00;;0,00;;12,00;0,00;0,00;0,00;0;333619;;;;;;FE;;;;;;;;99;;0,00;;;;;;;;;;;;0,00;;;;;;;;;;1;;;;;;;0,00;0,00;;;;0,00;;0,00;;;
001;200001;;1S;2;592572;00-0000000;01;21/11/13;16/12/13;420,09;;420,09;;12,00;50,41;50,41;0,00;0;333620;;;;;;FE;;;;;;;;99;0,00;0,00;;;;;;;;;;;;0,00;;;;;;;;;;1;;;;;;;0,00;0,00;;;;0,00;;0,00;;;
001;114443;677960;2Q;2;592573;00-0000000;01;14/01/14;08/02/14;2442,55;;2442,55;;12,00;293,11;293,11;0,00;0;333690;;;;;;FE;;;;;;;;99;0,00;0,00;;;;;;;;;;;;0,00;;;;;;;;;;1;;;;;;;0,00;0,00;;;;0,00;;0,00;;;
001;114443;677960;2Q;2;592574;00-0000001;01;14/01/14;08/02/14;3988,01;;3988,01;;12,00;478,56;478,56;0,00;0;333691;;;;;;FE;;;;;;;;99;0,00;0,00;;;;;;;;;;;;0,00;;;;;;;;;;1;;;;;;;0,00;0,00;;;;0,00;;0,00;;;
001;115201;;2Q;2;592575;00-0000000;01;24/01/14;18/02/14;3868,31;;3868,31;;12,00;464,20;464,20;0,00;0;333879;;;;;;FE;;;;;;;;99;0,00;0,00;;;;;;;;;;;;0,00;;;;;;;;;;1;;;;;;;0,00;0,00;;;;0,00;;0,00;;;
001;054388;667898;4M;1;210741;00-0024175;01;10/02/14;07/03/14;1927,17;;1927,17;;12,00;231,26;231,26;0,00;0;334041;;;;;;41;;17/02/14;;R;;;;1;2,00;39,33;;;;;;;;;17/02/14;D;40899;4,72;;;;;;;4M;04/04/14;159090;1;;;;X;;;0,00;0,00;;;;0,00;;0,00;;;
001;205360;;1S;1;210751;00-0024192;01;10/02/14;07/03/14;9563,26;;9563,26;;12,00;1147,59;1147,59;0,00;0;334053;;;;;;22;;10/02/14;;R;;P;;0;0,00;0,00;;;;;;;40882;;10/02/14;D;40882;0,00;;;;;;;FR;11/02/14;158216;1;;;;X;;;0,00;0,00;;;;0,00;;0,00;;;
001;115201;;2Q;2;592576;00-0000000;01;19/02/14;16/03/14;2188,41;;2188,41;;12,00;262,61;262,61;0,00;0;334087;;;;;;FE;;;;;;;;99;0,00;0,00;;;;;;;;;;;;0,00;;;;;;;;;;1;;;;;;;0,00;0,00;;;;0,00;;0,00;;;
001;158033;000082;1S;1;210831;00-0024280;01;25/02/14;25/02/14;26742,83;;26742,83;;12,00;3209,14;3209,14;0,00;0;334155;;;;;;42;;06/03/14;;R;;P;;0;4,00;1115,40;E;;;;;;;;28/02/14;D;40939;133,85;;;;;;;1S;04/04/14;159110;1;;;;X;;;0,00;0,00;;;;0,00;;0,00;;;
001;177502;000500;3S;1;210840;00-0024292;01;06/03/14;31/03/14;2303,00;;2303,00;;12,00;276,36;276,36;0,00;0;334167;;;;;;44;;07/03/14;;R;;;;1;2,00;47,00;;;;;;;;;07/03/14;D;40943;5,64;;;;;;;3S;02/04/14;159044;1;;;;X;;;0,00;0,00;;;;0,00;;0,00;;;
001;174449;667968;1S;1;210841;00-0024293;01;06/03/14;31/03/14;7319,47;;7319,47;;12,00;878,34;878,34;0,00;0;334168;;;;;;44;;07/03/14;;R;;;;1;2,00;149,38;;;;;;;;;07/03/14;D;40943;17,93;;;;;;;1S;04/04/14;159112;1;;;;X;;;0,00;0,00;;;;0,00;;0,00;;;
001;092011;000037;3S;1;210890;00-0024347;01;17/03/14;17/03/14;70761,60;;70761,60;;12,00;8491,39;8491,39;0,00;0;334246;;;;;;41;;17/03/14;;R;;P;;0;4,00;2948,40;E;;;;;;;;17/03/14;D;40966;353,81;;;;;;;3S;02/04/14;159038;1;;;;X;;;0,00;0,00;;;;0,00;;0,00;;;
001;094965;478372;3S;1;210915;00-0024372;01;17/03/14;17/03/14;3107,29;;3107,29;;12,00;372,87;372,87;0,00;0;334273;;;;;;44;;17/03/14;;R;;P;;0;4,00;129,60;;;;;;;;;17/03/14;D;40968;15,55;;;;;;;3S;02/04/14;159038;1;;;;X;;;0,00;0,00;;;;0,00;;0,00;;;
001;174897;478308;1S;1;210939;00-0024410;01;17/03/14;17/03/14;2272,92;;2272,92;;12,00;272,75;272,75;0,00;0;334298;;;;;;22;;18/03/14;;R;;P;;0;4,00;94,80;;;;;;;40981;;19/03/14;D;40981;11,38;;;;;;;1S;04/04/14;159112;1;;;;X;;;0,00;0,00;;;;0,00;;0,00;;;
001;174897;478308;1S;1;210940;00-0024411;01;17/03/14;17/03/14;41430,53;;41430,53;;12,00;4971,66;4971,66;0,00;0;334299;;;;;;22;;18/03/14;;R;;P;;0;4,00;1728,00;;;;;;;40976;;19/03/14;D;40976;207,36;;;;;;;1S;04/04/14;159112;1;;;;X;;;0,00;0,00;;;;0,00;;0,00;;;
001;037239;999003;4S;1;210942;00-0024413;01;17/03/14;17/03/14;25894,08;;25894,08;;12,00;3107,29;3107,29;0,00;0;334302;;;;;;41;;19/03/14;;R;;P;;0;4,00;1080,00;;;;;;;;;19/03/14;D;40978;129,60;;;;;;;4S;03/04/14;159062;1;;;;X;;;0,00;0,00;;;;0,00;;0,00;;;
001;037239;999003;4S;1;210943;00-0024414;01;17/03/14;17/03/14;1136,46;;1136,46;;12,00;136,38;136,38;0,00;0;334303;;;;;;41;;19/03/14;;R;;P;;0;4,00;47,40;;;;;;;;;19/03/14;D;40978;5,69;;;;;;;4S;03/04/14;159062;1;;;;X;;;0,00;0,00;;;;0,00;;0,00;;;
001;092011;000037;3S;1;210949;00-0024420;01;17/03/14;11/04/14;9215,00;;9215,00;;12,00;0,00;0,00;9215,00;0;334309;;;;;;41;;20/03/14;;R;;;;1;0,00;0,00;E;;;;;;;;20/03/14;D;40982;0,00;;;;;;;3S;02/04/14;159038;1;;;;X;;;0,00;0,00;;;;0,00;;0,00;;;
001;092011;000037;3S;1;210950;00-0024421;01;17/03/14;11/04/14;72730,00;;72730,00;;12,00;8727,60;8727,60;0,00;0;334310;;;;;;41;;20/03/14;;R;;;;1;0,00;0,00;E;;;;;;;;20/03/14;D;40982;0,00;;;;;;;3S;02/04/14;159038;1;;;;X;;;0,00;0,00;;;;0,00;;0,00;;;
001;092011;000037;3S;1;210951;00-0024422;01;17/03/14;11/04/14;1975,00;;1975,00;;12,00;237,00;237,00;0,00;0;334311;;;;;;41;;20/03/14;;R;;;;1;0,00;0,00;E;;;;;;;;20/03/14;D;40982;0,00;;;;;;;3S;02/04/14;159038;1;;;;X;;;0,00;0,00;;;;0,00;;0,00;;;
001;094982;478386;3S;1;210952;00-0024423;01;17/03/14;17/03/14;5706,29;;5706,29;;12,00;684,75;684,75;0,00;0;334312;;;;;;42;;18/03/14;;R;;P;;0;4,00;238,00;;;;;;;;;18/03/14;D;40975;28,56;;;;;;;3S;02/04/14;159038;1;;;;X;;;0,00;0,00;;;;0,00;;0,00;;;
001;115201;;2Q;2;592577;00-0000000;01;17/03/14;11/04/14;2639,35;;2639,35;;12,00;316,72;316,72;0,00;0;334300;;;;;;FE;;;;;;;;99;0,00;0,00;;;;;;;;;;;;0,00;;;;;;;;;;1;;;;;;;0,00;0,00;;;;0,00;;0,00;;;
001;200001;;1S;2;592578;00-0000001;01;17/03/14;11/04/14;570,24;;570,24;;12,00;68,43;68,43;0,00;0;334317;;;;;;FE;;;;;;;;99;0,00;0,00;;;;;;;;;;;;0,00;;;;;;;;;;1;;;;;;;0,00;0,00;;;;0,00;;0,00;;;
001;199656;477901;5S;1;210966;00-0024426;01;18/03/14;12/04/14;2249,10;;2249,10;;12,00;269,89;269,89;0,00;0;334328;;;;;;78;;24/03/14;;R;;;;1;2,00;45,90;;;;;;;;;24/03/14;D;41000;5,51;;;;;;;5S;04/04/14;159116;1;;;;X;;;0,00;0,00;;;;0,00;;0,00;;;
001;197924;478568;5S;1;210962;00-0024432;01;18/03/14;18/03/14;1332,80;;1332,80;;12,00;159,94;159,94;0,00;0;334324;;;;;;78;;24/03/14;;R;;P;;0;2,00;27,20;;;;;;;;;24/03/14;D;41000;3,26;;;;;;;5S;04/04/14;159116;1;;;;X;;;0,00;0,00;;;;0,00;;0,00;;;
001;199656;477901;5S;1;210965;00-0024434;01;18/03/14;12/04/14;666,40;;666,40;;12,00;79,97;79,97;0,00;0;334327;;;;;;78;;24/03/14;;R;;;;1;2,00;13,60;;;;;;;;;24/03/14;D;41000;1,63;;;;;;;5S;04/04/14;159116;1;;;;X;;;0,00;0,00;;;;0,00;;0,00;;;
001;174767;478612;1S;1;210982;00-0024449;01;18/03/14;18/03/14;20715,26;;20715,26;;12,00;2485,83;2485,83;0,00;0;334346;;;;;;42;;21/03/14;;R;;P;;0;4,00;864,00;;;;;;;;;21/03/14;D;40989;103,68;;;;;;;1S;04/04/14;159112;1;;;;X;;;0,00;0,00;;;;0,00;;0,00;;;
001;174767;478612;1S;1;210983;00-0024450;01;18/03/14;12/04/14;773,43;;773,43;;12,00;92,81;92,81;0,00;0;334347;;;;;;42;;21/03/14;;R;;;;1;2,00;15,78;;;;;;;;;21/03/14;D;40989;1,89;;;;;;;1S;04/04/14;159112;1;;;;X;;;0,00;0,00;;;;0,00;;0,00;;;
001;174718;678136;3S;1;210987;00-0024454;01;18/03/14;12/04/14;4694,20;;4694,20;;12,00;563,30;563,30;0,00;0;334351;;;;;;44;;19/03/14;;R;;;;1;2,00;95,80;;;;;;;;;19/03/14;D;40979;11,50;;;;;;;3S;02/04/14;159044;1;;;;X;;;0,00;0,00;;;;0,00;;0,00;;;
001;205360;;1S;1;210992;00-0024459;01;18/03/14;12/04/14;130589,04;;130589,04;;12,00;15670,68;15670,68;0,00;0;334357;;;;;;22;;18/03/14;;R;;;;99;0,00;0,00;;;;;;;40977;;19/03/14;D;40977;0,00;;;;;;;FR;18/03/14;158721;1;;;;X;;;0,00;0,00;;;;0,00;;0,00;;;
001;205360;;1S;1;210993;00-0024460;01;18/03/14;12/04/14;9563,26;;9563,26;;12,00;1147,59;1147,59;0,00;0;334358;;;;;;22;;18/03/14;;R;;;;99;0,00;0,00;;;;;;;40977;;19/03/14;D;40977;0,00;;;;;;;FR;18/03/14;158721;1;;;;X;;;0,00;0,00;;;;0,00;;0,00;;;
001;205360;;1S;1;210994;00-0024461;01;18/03/14;12/04/14;144211,08;;144211,08;;12,00;17305,33;17305,33;0,00;0;334359;;;;;;22;;18/03/14;;R;;;;99;0,00;0,00;;;;;;;40977;;19/03/14;D;40977;0,00;;;;;;;FR;18/03/14;158721;1;;;;X;;;0,00;0,00;;;;0,00;;0,00;;;
001;197932;478578;5S;1;210996;00-0024473;01;19/03/14;13/04/14;1332,80;;1332,80;;12,00;159,94;159,94;0,00;0;334361;;;;;;78;;28/03/14;;R;;;;1;2,00;27,20;;;;;;;;;28/03/14;D;41033;3,26;;;;;;;5S;04/04/14;159116;1;;;;X;;;0,00;0,00;;;;0,00;;0,00;;;
001;197932;478578;5S;1;210997;00-0024474;01;19/03/14;13/04/14;1499,40;;1499,40;;12,00;179,93;179,93;0,00;0;334362;;;;;;78;;28/03/14;;R;;;;1;2,00;30,60;;;;;;;;;28/03/14;D;41033;3,67;;;;;;;5S;04/04/14;159116;1;;;;X;;;0,00;0,00;;;;0,00;;0,00;;;
001;010217;000412;2S;1;211001;00-0024478;01;19/03/14;19/03/14;1499,40;;1499,40;;12,00;179,93;179,93;0,00;0;334367;;;;;;50;;21/03/14;;R;;P;;0;2,00;30,60;S;;;;;;;;21/03/14;D;40992;3,67;;;;;;;2S;01/04/14;159022;1;;;;X;;;0,00;0,00;;;;0,00;;0,00;;;
001;174763;478190;2S;1;211008;00-0024485;01;19/03/14;19/03/14;30296,07;-16965,82;15148,02;;12,00;3635,53;1817,76;0,00;0;334376;;24/03/14;0;;;22;;20/03/14;;R;;P;;0;4,00;1263,60;;;;;;;;;20/03/14;D;41005;151,63;;;;-16965,82;;;2S;01/04/14;159028;1;;;;X;;;0,00;0,00;;;;0,00;;0,00;;;
001;174763;478190;2S;1;211009;00-0024486;01;19/03/14;19/03/14;1515,28;;1515,28;;12,00;181,83;181,83;0,00;0;334377;;;;;;44;;21/03/14;;R;;P;;0;4,00;63,20;;;;;;;;;21/03/14;D;40991;7,58;;;;;;;2S;01/04/14;159028;1;;;;X;;;0,00;0,00;;;;0,00;;0,00;;;
001;174629;678029;3S;1;211014;00-0024491;01;19/03/14;13/04/14;3675,00;;3675,00;;12,00;441,00;441,00;0,00;0;334383;;;;;;41;;21/03/14;;R;;;;1;2,00;75,00;;;;;;;;;21/03/14;D;40988;9,00;;;;;;;3S;02/04/14;159044;1;;;;X;;;0,00;0,00;;;;0,00;;0,00;;;
001;117672;;1S;2;592579;00-0000000;01;20/03/14;20/03/14;1035,76;;1035,76;;12,00;124,29;124,29;0,00;0;334407;;;;;;FE;;;;;;P;;0;4,00;43,20;;;;;;;;;;;;5,18;;;;;;;;;;1;;;;;;;0,00;0,00;;;;0,00;;0,00;;;
001;117672;;1S;2;592580;00-0000000;01;20/03/14;20/03/14;1009,87;;1009,87;;12,00;121,18;121,18;0,00;0;334435;;;;;;FE;;;;;;P;;0;4,00;42,12;;;;;;;;;;;;5,05;;;;;;;;;;1;;;;;;;0,00;0,00;;;;0,00;;0,00;;;
001;124423;667940;1S;1;211017;00-0024495;01;20/03/14;14/04/14;2998,80;;2998,80;;12,00;359,86;359,86;0,00;0;334408;;;;;;45;;27/03/14;;R;;;;1;2,00;61,20;;;;;;;;;27/03/14;D;41028;7,34;;;;;;;1S;04/04/14;159097;1;;;;X;;;0,00;0,00;;;;0,00;;0,00;;;
001;124669;678094;1S;1;211018;00-0024496;01;20/03/14;14/04/14;1499,40;;1499,40;;12,00;179,93;179,93;0,00;0;334409;;;;;;41;;28/03/14;;R;;;;1;2,00;30,60;;;;;;;;;28/03/14;D;41031;3,67;;;;;;;1S;04/04/14;159097;1;;;;X;;;0,00;0,00;;;;0,00;;0,00;;;
001;124906;478317;1S;1;211019;00-0024497;01;20/03/14;14/04/14;1499,40;;1499,40;;12,00;179,93;179,93;0,00;0;334410;;;;;;41;;28/03/14;;R;;;;1;2,00;30,60;;;;;;;;;28/03/14;D;41031;3,67;;;;;;;1S;04/04/14;159097;1;;;;X;;;0,00;0,00;;;;0,00;;0,00;;;
001;124906;478317;1S;1;211020;00-0024498;01;20/03/14;14/04/14;3332,00;;3332,00;;12,00;399,84;399,84;0,00;0;334411;;;;;;41;;28/03/14;;R;;;;1;2,00;68,00;;;;;;;;;28/03/14;D;41031;8,16;;;;;;;1S;04/04/14;159097;1;;;;X;;;0,00;0,00;;;;0,00;;0,00;;;
001;124423;667940;1S;1;211021;00-0024499;01;20/03/14;14/04/14;3332,00;;3332,00;;12,00;399,84;399,84;0,00;0;334413;;;;;;45;;27/03/14;;R;;;;1;2,00;68,00;;;;;;;;;27/03/14;D;41028;8,16;;;;;;;1S;04/04/14;159097;1;;;;X;;;0,00;0,00;;;;0,00;;0,00;;;
001;631046;668012;5S;1;211023;00-0024501;01;20/03/14;20/03/14;3332,00;;3332,00;;12,00;399,84;399,84;0,00;0;334416;;;;;;78;;26/03/14;;R;;P;;0;2,00;68,00;;;;;;;;;26/03/14;D;41021;8,16;;;;;;;5S;04/04/14;159134;1;;;;X;;;0,00;0,00;;;;0,00;;0,00;;;
001;034992;478395;3S;1;211026;00-0024504;01;20/03/14;14/04/14;1891,40;;1891,40;;12,00;226,97;226,97;0,00;0;334419;;;;;;44;;26/03/14;;R;;;;1;2,00;38,60;;;;;;;;;26/03/14;D;41019;4,63;;X;;;;;3S;02/04/14;159034;1;;;;X;;;0,00;0,00;;;;0,00;;0,00;;;
001;177836;478475;5S;1;211029;00-0024507;01;20/03/14;14/04/14;2450,00;;2450,00;;12,00;294,00;294,00;0,00;0;334422;;;;;;42;;25/03/14;;R;;;;1;2,00;50,00;;;;;;;;;25/03/14;D;41009;6,00;;;;;;;5S;04/04/14;159113;1;;;;X;;;0,00;0,00;;;;0,00;;0,00;;;
001;177836;478475;5S;1;211030;00-0024508;01;20/03/14;20/03/14;4039,48;;4039,48;;12,00;484,74;484,74;0,00;0;334423;;;;;;42;;25/03/14;;R;;P;;0;4,00;168,48;;;;;;;;;25/03/14;D;41009;20,22;;;;;;;5S;04/04/14;159113;1;;;;X;;;0,00;0,00;;;;0,00;;0,00;;;
001;179658;477903;3S;1;211031;00-0024509;01;20/03/14;20/03/14;23822,55;;23822,55;;12,00;2858,71;2858,71;0,00;0;334424;;;;;;42;;25/03/14;;R;;P;;0;4,00;993,60;;;;;;;;;25/03/14;D;41009;119,23;;;;;;;3S;02/04/14;159044;1;;;;X;;;0,00;0,00;;;;0,00;;0,00;;;
001;040940;000486;5S;1;211032;00-0024510;01;20/03/14;20/03/14;31072,90;;31072,90;;12,00;3728,75;3728,75;0,00;0;334425;;;;;;46;;31/03/14;;R;;P;;0;4,00;1296,00;;;;;;;;;31/03/14;D;41036;155,52;;;;;;;5S;02/04/14;159036;1;;;;X;;;0,00;0,00;;;;0,00;;0,00;;;
001;049454;478720;5S;1;211033;00-0024511;01;20/03/14;14/04/14;3116,40;;3116,40;;12,00;373,97;373,97;0,00;0;334428;;;;;;46;;31/03/14;;R;;;;1;2,00;63,60;;;;;;;;;31/03/14;D;41036;7,63;;;;;;;5S;02/04/14;159036;1;;;;X;;;0,00;0,00;;;;0,00;;0,00;;;
001;038702;000308;1S;1;211042;00-0024520;01;20/03/14;14/04/14;1783,60;;1783,60;;12,00;214,03;214,03;0,00;0;334440;;;;;;42;;25/03/14;;R;;;;1;2,00;36,40;E;;;;;;;;25/03/14;D;41009;4,37;;;;;;;1S;04/04/14;159084;1;;;;X;;;0,00;0,00;;;;0,00;;0,00;;;
001;178910;555130;3S;1;211044;00-0024522;01;20/03/14;20/03/14;25246,73;;25246,73;;12,00;3029,61;3029,61;0,00;0;334442;;;;;;42;;25/03/14;;R;;P;;0;4,00;1053,00;;;;;;;;;25/03/14;D;41009;126,36;;;;;;;3S;02/04/14;159044;1;;;;X;;;0,00;0,00;;;;0,00;;0,00;;;
001;097319;237201;2S;1;211051;00-0024529;01;19/03/14;13/04/14;1225,00;;1225,00;;12,00;147,00;147,00;0,00;0;334394;;;;;;41;;25/03/14;;R;;;;1;2,00;25,00;;;;;;;;;25/03/14;D;41008;3,00;;;;;;;2S;01/04/14;159026;1;;;;X;;;0,00;0,00;;;;0,00;;0,00;;;
001;049687;477935;3S;1;211053;00-0024531;01;19/03/14;13/04/14;6125,00;;6125,00;;12,00;735,00;735,00;0,00;0;334396;;;;;;46;;31/03/14;;R;;;;1;2,00;125,00;;;;;;;;;31/03/14;D;41036;15,00;;;;;;;3S;03/04/14;159063;1;;;;X;;;0,00;0,00;;;;0,00;;0,00;;;
001;027435;912138;4S;1;211061;00-0024539;01;19/03/14;19/03/14;17167,78;-18450,43;694,18;;12,00;2060,13;83,30;0,00;0;334405;;27/03/14;0;;;45;;24/03/14;;R;;P;;0;4,00;716,04;;;;;;;;;24/03/14;D;40998;85,92;;;;-18450,43;;;4S;03/04/14;159061;1;;;;X;;;0,00;0,00;;;;0,00;;0,00;;;
001;097914;478558;1S;1;211062;00-0024540;01;21/03/14;21/03/14;1225,00;;1225,00;;12,00;147,00;147,00;0,00;0;334445;;;;;;45;;26/03/14;;R;;P;;0;2,00;25,00;;;;;;;;;26/03/14;D;41017;3,00;;;;;;;1S;04/04/14;159095;1;;;;X;;;0,00;0,00;;;;0,00;;0,00;;;
001;094959;478367;4S;1;211063;00-0024541;01;21/03/14;15/04/14;1225,00;;1225,00;;12,00;147,00;147,00;0,00;0;334446;;;;;;45;;26/03/14;;R;;;;1;2,00;25,00;;;;;;;;;26/03/14;D;41017;3,00;;;;;;;4S;03/04/14;159065;1;;;;X;;;0,00;0,00;;;;0,00;;0,00;;;
001;630056;917143;1Q;1;211064;00-0024542;01;21/03/14;21/03/14;3332,00;;3332,00;;12,00;399,84;399,84;0,00;0;334447;;;;;;49;;25/03/14;;R;;P;;0;2,00;68,00;;;;;;;;;25/03/14;D;41010;8,16;;;;;;;1Q;28/03/14;159003;1;;;;X;;;0,00;0,00;;;;0,00;;0,00;;;
001;635515;667797;1Q;1;211066;00-0024544;01;21/03/14;21/03/14;3890,60;;3890,60;;12,00;466,87;466,87;0,00;0;334450;;;;;;49;;25/03/14;;R;;P;;0;2,00;79,40;;;;;;;;;25/03/14;D;41010;9,53;;;;;;;1Q;28/03/14;159003;1;;;;X;;;0,00;0,00;;;;0,00;;0,00;;;
001;637838;478477;4S;1;211068;00-0024546;01;21/03/14;21/03/14;1999,20;;1999,20;;12,00;239,90;239,90;0,00;0;334452;;;;;;78;;26/03/14;;R;;P;;0;2,00;40,80;;;;;;;;;26/03/14;D;41021;4,90;;;;;;;4S;04/04/14;159133;1;;;;X;;;0,00;0,00;;;;0,00;;0,00;;;
001;043855;000453;3S;1;211070;00-0024548;01;21/03/14;21/03/14;25894,08;;25894,08;;12,00;3107,29;3107,29;0,00;0;334454;;;;;;49;;27/03/14;;R;;P;;0;4,00;1080,00;;;;;;;;;27/03/14;D;41029;129,60;;;;;;;3S;03/04/14;159063;1;;;;X;;;0,00;0,00;;;;0,00;;0,00;;;
001;037441;714143;2S;1;211073;00-0024551;01;21/03/14;21/03/14;62145,79;;62145,79;;12,00;7457,49;7457,49;0,00;0;334457;;;;;;44;;26/03/14;;R;;P;;0;4,00;2592,00;;;;;;;;;26/03/14;D;41019;311,04;;;;;;;2S;01/04/14;159024;1;;;;X;;;0,00;0,00;;;;0,00;;0,00;;;
001;037441;714143;2S;1;211074;00-0024552;01;21/03/14;21/03/14;2052,35;;2052,35;;12,00;246,28;246,28;0,00;0;334458;;;;;;44;;26/03/14;;R;;P;;0;4,00;85,60;;;;;;;;;26/03/14;D;41019;10,27;;;;;;;2S;01/04/14;159024;1;;;;X;;;0,00;0,00;;;;0,00;;0,00;;;
001;037441;714143;2S;1;211075;00-0024553;01;21/03/14;15/04/14;1225,00;;1225,00;;12,00;147,00;147,00;0,00;0;334459;;;;;;44;;26/03/14;;R;;;;1;2,00;25,00;;;;;;;;;26/03/14;D;41019;3,00;;;;;;;2S;01/04/14;159024;1;;;;X;;;0,00;0,00;;;;0,00;;0,00;;;
001;038930;000436;4S;1;211082;00-0024560;01;21/03/14;21/03/14;2071,53;;2071,53;;12,00;248,58;248,58;0,00;0;334466;;;;;;41;;25/03/14;;R;;P;;0;4,00;86,40;;;;;;;;;25/03/14;D;41008;10,37;;;;;;;4S;03/04/14;159062;1;;;;X;;;0,00;0,00;;;;0,00;;0,00;;;
001;039345;298000;4S;1;211084;00-0024562;01;21/03/14;21/03/14;13464,92;;13464,92;;12,00;1615,79;1615,79;0,00;0;334468;;;;;;41;;25/03/14;;R;;P;;0;4,00;561,60;;;;;;;;;25/03/14;D;41008;67,39;;;;;;;4S;03/04/14;159062;1;;;;X;;;0,00;0,00;;;;0,00;;0,00;;;
001;099436;478705;3S;1;211088;00-0024567;01;21/03/14;21/03/14;23822,55;;23822,55;;12,00;2858,71;2858,71;0,00;0;334472;;;;;;41;;25/03/14;;R;;P;;0;4,00;993,60;;;;;;;;;25/03/14;D;41008;119,23;;;;;;;3S;02/04/14;159038;1;;;;X;;;0,00;0,00;;;;0,00;;0,00;;;
001;054852;478268;4M;1;211095;00-0024574;01;21/03/14;21/03/14;10357,63;;10357,63;;12,00;1242,92;1242,92;0,00;0;334479;;;;;;41;;24/03/14;;R;;P;;0;4,00;432,00;;;;;;;;;24/03/14;D;40994;51,84;;;;;;;4M;04/04/14;159090;1;;;;X;;;0,00;0,00;;;;0,00;;0,00;;;
001;054660;678056;4M;1;211096;00-0024575;01;21/03/14;21/03/14;10357,63;;10357,63;;12,00;1242,92;1242,92;0,00;0;334480;;;;;;41;;24/03/14;;R;;P;;0;4,00;432,00;;;;;;;;;24/03/14;D;40994;51,84;;;;;;;4M;04/04/14;159090;1;;;;X;;;0,00;0,00;;;;0,00;;0,00;;;
001;054747;478169;4M;1;211097;00-0024581;01;21/03/14;15/04/14;16628,35;;16628,35;;12,00;1995,40;1995,40;0,00;0;334481;;;;;;41;;24/03/14;;R;;;;1;2,00;339,35;;;;;;;;;24/03/14;D;40994;40,72;;;;;;;4M;04/04/14;159090;1;;;;X;;;0,00;0,00;;;;0,00;;0,00;;;
001;031306;000324;2S;1;211099;00-0024582;01;24/03/14;24/03/14;53859,69;-9280,41;45573,61;;12,00;6463,16;5468,83;0,00;0;334484;;28/03/14;0;;;22;;27/03/14;;R;;P;;0;4,00;2246,40;S;;;;;;;;27/03/14;D;41034;269,57;;;;-9280,41;;;2S;01/04/14;159024;1;;;;X;;;0,00;0,00;;;;0,00;;0,00;;;
001;034616;678017;1S;1;211100;00-0024583;01;24/03/14;18/04/14;1416,10;;1416,10;;12,00;169,93;169,93;0,00;0;334485;;;;;;42;;25/03/14;;R;;;;1;2,00;28,90;;;;;;;;;25/03/14;D;41009;3,47;;;;;;;1S;04/04/14;159084;1;;;;X;;;0,00;0,00;;;;0,00;;0,00;;;
001;034309;667001;5S;1;211102;00-0024585;01;24/03/14;24/03/14;53859,69;;53859,69;;12,00;6463,16;6463,16;0,00;0;334488;;;;;;45;;26/03/14;;R;;P;;0;4,00;2246,40;;;;;;;;;26/03/14;D;41017;269,57;;;;;;;5S;04/04/14;159085;1;;;;X;;;0,00;0,00;;;;0,00;;0,00;;;
001;014969;478374;1S;1;211103;00-0024586;01;24/03/14;24/03/14;24858,32;;24858,32;;12,00;2983,00;2983,00;0,00;0;334489;;;;;;42;;26/03/14;;R;;P;;0;4,00;1036,80;;;;;;;;;26/03/14;D;41018;124,42;;;;;;;1S;04/04/14;159080;1;;;;X;;;0,00;0,00;;;;0,00;;0,00;;;
001;031975;000439;5S;1;211105;00-0024588;01;24/03/14;18/04/14;1499,40;;1499,40;;12,00;179,93;179,93;0,00;0;334491;;;;;;45;;26/03/14;;R;;;;1;2,00;30,60;;;;;;;;;26/03/14;D;41017;3,67;;;;;;;5S;04/04/14;159085;1;;;;X;;;0,00;0,00;;;;0,00;;0,00;;;
001;099430;478699;5S;1;211106;00-0024589;01;24/03/14;18/04/14;2665,60;;2665,60;;12,00;319,87;319,87;0,00;0;334492;;;;;;45;;26/03/14;;R;;;;1;2,00;54,40;;;;;;;;;26/03/14;D;41017;6,53;;;;;;;5S;04/04/14;159096;1;;;;X;;;0,00;0,00;;;;0,00;;0,00;;;
001;099430;478699;5S;1;211107;00-0024590;01;24/03/14;24/03/14;25894,08;;25894,08;;12,00;3107,29;3107,29;0,00;0;334493;;;;;;45;;26/03/14;;R;;P;;0;4,00;1080,00;;;;;;;;;26/03/14;D;41017;129,60;;;;;;;5S;04/04/14;159096;1;;;;X;;;0,00;0,00;;;;0,00;;0,00;;;
001;011265;000024;4S;1;211108;00-0024591;01;24/03/14;24/03/14;20715,26;;20715,26;;12,00;2485,83;2485,83;0,00;0;334494;;;;;;42;;26/03/14;;R;;P;;0;4,00;864,00;;;;;;;;;26/03/14;D;41018;103,68;;;;;;;4S;03/04/14;159060;1;;;;X;;;0,00;0,00;;;;0,00;;0,00;;;
001;039403;478661;1S;1;211109;00-0024592;01;24/03/14;24/03/14;41430,53;;41430,53;;12,00;4971,66;4971,66;0,00;0;334496;;;;;;44;;26/03/14;;R;;P;;0;4,00;1728,00;;;;;;;;;26/03/14;D;41019;207,36;;;;;;;1S;04/04/14;159084;1;;;;X;;;0,00;0,00;;;;0,00;;0,00;;;
001;053398;000399;1M;1;211111;00-0024601;01;25/03/14;25/03/14;5159,64;-3480,15;2052,36;;12,00;619,16;246,29;0,00;0;334498;;28/03/14;0;;;22;;27/03/14;;R;;P;;0;4,00;215,20;;;;;;;;;27/03/14;D;41034;25,82;;;;-3480,15;;;;;;1;;;;X;;;0,00;0,00;;;;0,00;;0,00;;;
001;054653;678049;1M;1;211112;00-0024602;01;25/03/14;25/03/14;103576,32;;103576,32;;12,00;12429,16;12429,16;0,00;0;334499;;;;;;46;;27/03/14;;R;;P;;0;4,00;4320,00;;;;;;;;;27/03/14;D;41026;518,40;;X;;;;;;;;1;;;;X;;;0,00;0,00;;;;0,00;;0,00;;;
001;054204;667716;1M;1;211113;00-0024603;01;25/03/14;25/03/14;44509,05;;44509,05;;12,00;5341,09;5341,09;0,00;0;334500;;;;;;46;;27/03/14;;R;;P;;0;4,00;1856,40;;;;;;;;;27/03/14;D;41026;222,77;;;;;;;;;;1;;;;X;;;0,00;0,00;;;;0,00;;0,00;;;
001;058269;000593;1M;1;211114;00-0024604;01;25/03/14;25/03/14;74042,68;;74042,68;;12,00;8885,12;8885,12;0,00;0;334501;;;;;;46;;27/03/14;;R;;P;;0;4,00;3088,20;N;;;;;;;;27/03/14;D;41026;370,58;;;;;;;;;;1;;;;X;;;0,00;0,00;;;;0,00;;0,00;;;
001;057960;478619;1M;1;211116;00-0024606;01;25/03/14;25/03/14;20715,26;;20715,26;;12,00;2485,83;2485,83;0,00;0;334503;;;;;;46;;27/03/14;;R;;P;;0;4,00;864,00;;;;;;;;;27/03/14;D;41026;103,68;;X;;;;;;;;1;;;;X;;;0,00;0,00;;;;0,00;;0,00;;;
001;057957;477831;1M;1;211119;00-0024609;01;25/03/14;25/03/14;10357,63;;10357,63;;12,00;1242,92;1242,92;0,00;0;334507;;;;;;46;;27/03/14;;R;;P;;0;4,00;432,00;;;;;;;;;27/03/14;D;41026;51,84;;;;;;;;;;1;;;;X;;;0,00;0,00;;;;0,00;;0,00;;;
001;058980;009435;1M;1;211120;00-0024610;01;25/03/14;25/03/14;20715,26;;20715,26;;12,00;2485,83;2485,83;0,00;0;334508;;;;;;46;;27/03/14;;R;;P;;0;4,00;864,00;;;;;;;;;27/03/14;D;41026;103,68;;X;;;;;;;;1;;;;X;;;0,00;0,00;;;;0,00;;0,00;;;
001;039708;477955;4S;1;211124;00-0024614;01;25/03/14;25/03/14;13464,92;;13464,92;;12,00;1615,79;1615,79;0,00;0;334512;;;;;;43;;27/03/14;;R;;P;;0;4,00;561,60;;;;;;;;;27/03/14;D;41027;67,39;;;;;;;4S;03/04/14;159062;1;;;;X;;;0,00;0,00;;;;0,00;;0,00;;;
001;038670;196000;1S;1;211126;00-0024616;01;25/03/14;25/03/14;20715,26;;20715,26;;12,00;2485,83;2485,83;0,00;0;334516;;;;;;47;;28/03/14;;R;;P;;0;4,00;864,00;;;;;;;;;28/03/14;D;41032;103,68;;;;;;;1S;04/04/14;159084;1;;;;X;;;0,00;0,00;;;;0,00;;0,00;;;
001;034276;291011;5S;1;211131;00-0024627;01;01/04/14;01/04/14;10573,42;;10573,42;;12,00;1268,81;1268,81;0,00;0;334523;;;;;;42;;02/04/14;;R;;P;;0;2,00;216,00;;;;;;;;;01/04/14;D;41038;25,92;;;;;;;5S;04/04/14;159085;1;;;;;;;0,00;0,00;;;;0,00;;0,00;;;
001;099643;477894;4S;1;211132;00-0024628;01;01/04/14;01/04/14;12625,76;;12625,76;;12,00;1515,09;1515,09;0,00;0;334524;;;;;;41;;02/04/14;;R;;P;;0;2,33;301,60;;;;;;;;;02/04/14;D;41037;36,19;;;;;;;FR;04/04/14;159144;1;;;;;;;0,00;0,00;;;;0,00;;0,00;;;
001;151698;009976;1S;1;211133;00-0024629;01;01/04/14;01/04/14;38033,13;;38033,13;;12,00;4563,98;4563,98;0,00;0;334525;;;;;;42;;03/04/14;;R;;P;;0;2,06;798,80;;;;;;;;;;;41043;95,86;;;;;;;1S;04/04/14;159110;1;;;;;;;0,00;0,00;;;;0,00;;0,00;;;
001;091851;000430;2S;1;211134;00-0024630;01;01/04/14;01/04/14;21146,83;;21146,83;;12,00;2537,62;2537,62;0,00;0;334527;;;;;;42;;02/04/14;;R;;P;;0;2,00;432,00;S;;;;;;;;01/04/14;D;41038;51,84;;;;;;;FR;03/04/14;159077;1;;;;;;;0,00;0,00;;;;0,00;;0,00;;;
001;031290;009111;5S;1;211135;00-0024631;01;01/04/14;01/04/14;63440,50;;63440,50;;12,00;7612,86;7612,86;0,00;0;334528;;;;;;41;;02/04/14;;R;;P;;0;2,00;1296,00;S;;;;;;;;02/04/14;D;41037;155,52;;;;;;;FR;04/04/14;159141;1;;;;;;;0,00;0,00;;;;0,00;;0,00;;;
001;155454;478440;1S;1;211137;00-0024633;01;01/04/14;01/04/14;16917,47;;16917,47;;12,00;2030,10;2030,10;0,00;0;334530;;;;;;44;;02/04/14;;R;;P;;0;2,00;345,60;;;;;;;;;02/04/14;D;41039;41,47;;;;;;;1S;04/04/14;159110;1;;;;;;;0,00;0,00;;;;0,00;;0,00;;;
001;021387;000347;1S;1;211138;00-0024634;01;01/04/14;01/04/14;42293,66;;42293,66;;12,00;5075,24;5075,24;0,00;0;334531;;;;;;44;;02/04/14;;R;;P;;0;2,00;864,00;E;;;;;;;;02/04/14;D;41039;103,68;;;;;;;1S;04/04/14;159082;1;;;;;;;0,00;0,00;;;;0,00;;0,00;;;
001;154984;478388;1S;1;211139;00-0024635;01;01/04/14;01/04/14;3172,02;;3172,02;;12,00;380,64;380,64;0,00;0;334532;;;;;;44;;02/04/14;;R;;P;;0;2,00;64,80;;;;;;;;;02/04/14;D;41039;7,78;;;;;;;1S;04/04/14;159110;1;;;;;;;0,00;0,00;;;;0,00;;0,00;;;
001;200001;;1S;2;592581;00-0000000;01;02/04/14;27/04/14;570,24;;570,24;;12,00;68,43;68,43;0,00;0;334533;;;;;;FE;;;;;;;;99;0,00;0,00;;;;;;;;;;;;0,00;;;;;;;;;;1;;;;;;;0,00;0,00;;;;0,00;;0,00;;;
001;048579;009141;1S;1;211141;00-0024637;01;02/04/14;02/04/14;42293,66;;42293,66;;12,00;5075,24;5075,24;0,00;0;334534;;;;;;49;;03/04/14;;R;;P;;0;2,00;864,00;;;;;;;;;03/04/14;D;41041;103,68;;;;;;;FR;04/04/14;159142;1;;;;;;;0,00;0,00;;;;0,00;;0,00;;;
001;044691;678112;1S;1;211142;00-0024638;01;02/04/14;02/04/14;126880,99;;126880,99;;12,00;15225,72;15225,72;0,00;0;334535;;;;;;49;;03/04/14;;R;;P;;0;2,00;2592,00;;;;;;;;;03/04/14;D;41041;311,04;;;;;;;FR;04/04/14;159143;1;;;;;;;0,00;0,00;;;;0,00;;0,00;;;
001;030480;000338;4S;1;211143;00-0024639;01;02/04/14;02/04/14;10573,42;;10573,42;;12,00;1268,81;1268,81;0,00;0;334536;;;;;;43;;03/04/14;;R;;P;;0;2,00;216,00;S;;;;;;;;;;41044;25,92;;;;;;;;;;1;;;;;;;0,00;0,00;;;;0,00;;0,00;;;
001;034784;478524;2S;1;211144;00-0024640;01;02/04/14;02/04/14;10573,42;;10573,42;;12,00;1268,81;1268,81;0,00;0;334537;;;;;;42;;03/04/14;;R;;P;;0;2,00;216,00;;;;;;;;;;;41043;25,92;;;;;;;;;;1;;;;;;;0,00;0,00;;;;0,00;;0,00;;;
001;037441;714143;2S;1;211145;00-0024641;01;02/04/14;02/04/14;24116,98;;24116,98;;12,00;2894,04;2894,04;0,00;0;334538;;;;;;42;;03/04/14;;R;;P;;0;2,25;555,88;;;;;;;;;;;41043;66,71;;;;;;;;;;1;;;;;;;0,00;0,00;;;;0,00;;0,00;;;
001;029061;000216;2Q;1;211146;00-0024642;01;02/04/14;02/04/14;10573,42;;10573,42;;12,00;1268,81;1268,81;0,00;0;334539;;;;;;41;;03/04/14;;R;;P;;0;2,00;216,00;E;;;;;;;;;;41042;25,92;;;;;;;;;;1;;;;;;;0,00;0,00;;;;0,00;;0,00;;;
001;021261;182000;2Q;1;211147;00-0024643;01;02/04/14;02/04/14;52867,08;;52867,08;;12,00;6344,05;6344,05;0,00;0;334540;;;;;;41;;03/04/14;;R;;P;;0;2,00;1080,00;S;;;;;;;;;;41042;129,60;;;;;;;;;;1;;;;;;;0,00;0,00;;;;0,00;;0,00;;;
001;021456;328000;3S;1;211148;00-0024644;01;02/04/14;02/04/14;52867,08;;52867,08;;12,00;6344,05;6344,05;0,00;0;334541;;;;;;78;;04/04/14;;R;;P;;0;2,00;1080,00;S;;;;;;;;;;41046;129,60;;;;;;;;;;1;;;;;;;0,00;0,00;;;;0,00;;0,00;;;
001;021036;668040;2Q;1;211149;00-0024645;01;02/04/14;02/04/14;21146,83;;21146,83;;12,00;2537,62;2537,62;0,00;0;334542;;;;;;41;;03/04/14;;R;;P;;0;2,00;432,00;;;;;;;;;;;41042;51,84;;;;;;;;;;1;;;;;;;0,00;0,00;;;;0,00;;0,00;;;
001;174900;478310;2S;1;211150;00-0024646;01;02/04/14;02/04/14;21146,83;;21146,83;;12,00;2537,62;2537,62;0,00;0;334543;;;;;;41;;03/04/14;;R;;P;;0;2,00;432,00;;;;;;;;;;;41042;51,84;;;;;;;;;;1;;;;;;;0,00;0,00;;;;0,00;;0,00;;;
001;039494;478752;2S;1;211151;00-0024647;01;02/04/14;02/04/14;749,70;;749,70;;12,00;89,96;89,96;0,00;0;334544;;;;;;42;;03/04/14;;R;;P;;0;2,00;15,30;;;;;;;;;;;41043;1,84;;;;;;;;;;1;;;;;;;0,00;0,00;;;;0,00;;0,00;;;
001;039642;477893;2S;1;211152;00-0024648;01;02/04/14;02/04/14;5286,71;;5286,71;;12,00;634,41;634,41;0,00;0;334545;;;;;;42;;03/04/14;;R;;P;;0;2,00;108,00;;;;;;;;;;;41043;12,96;;;;;;;;;;1;;;;;;;0,00;0,00;;;;0,00;;0,00;;;
001;034726;478142;2S;1;211153;00-0024649;01;02/04/14;02/04/14;10573,42;;10573,42;;12,00;1268,81;1268,81;0,00;0;334546;;;;;;42;;03/04/14;;R;;P;;0;2,00;216,00;;;;;;;;;;;41043;25,92;;;;;;;;;;1;;;;;;;0,00;0,00;;;;0,00;;0,00;;;
001;057964;478623;1M;1;211154;00-0024650;01;02/04/14;27/04/14;3826,41;;3826,41;;12,00;0,00;0,00;3826,41;0;334548;;;;;;33;;03/04/14;;R;;;;1;2,00;78,09;;;;;;;;;;;41040;0,00;;;;;;;;;;1;;;;;;;0,00;0,00;;;;0,00;;0,00;;;
001;011265;000024;4S;1;211155;00-0024652;01;03/04/14;03/04/14;25376,20;;25376,20;;12,00;3045,14;3045,14;0,00;0;334549;;;;;;22;;03/04/14;;R;;P;;0;2,00;518,40;;;;;;;;;;;41045;62,21;;;;;;;;;;1;;;;;;;0,00;0,00;;;;0,00;;0,00;;;
001;174898;478309;3S;1;211156;00-0024653;01;03/04/14;03/04/14;13745,44;;13745,44;;12,00;1649,45;1649,45;0,00;0;334550;;;;;;73;;04/04/14;;R;;P;;0;2,00;280,80;;;;;;;;;;;41048;33,70;;;;;;;;;;1;;;;;;;0,00;0,00;;;;0,00;;0,00;;;
001;174898;478309;3S;1;211157;00-0024654;01;03/04/14;28/04/14;2618,88;;2618,88;;12,00;314,27;314,27;0,00;0;334551;;;;;;73;;04/04/14;;R;;;;1;2,00;53,45;;;;;;;;;;;41048;6,41;;;;;;;;;;1;;;;;;;0,00;0,00;;;;0,00;;0,00;;;
001;174912;478324;2S;1;211158;00-0024655;01;03/04/14;03/04/14;4229,37;;4229,37;;12,00;507,52;507,52;0,00;0;334552;;;;;;73;;04/04/14;;R;;P;;0;2,00;86,40;;;;;;;;;;;41048;10,37;;;;;;;;;;1;;;;;;;0,00;0,00;;;;0,00;;0,00;;;
001;049572;477824;4S;1;211159;00-0024656;01;03/04/14;03/04/14;13745,44;;13745,44;;12,00;1649,45;1649,45;0,00;0;334553;;;;;;41;;04/04/14;;R;;P;;0;2,00;280,80;;;;;;;;;;;41047;33,70;;;;;;;;;;1;;;;;;;0,00;0,00;;;;0,00;;0,00;;;
001;021409;000317;3S;1;211160;00-0024657;01;04/04/14;04/04/14;31720,25;;31720,25;;12,00;3806,43;3806,43;0,00;0;334554;;;;;;43;;07/04/14;;R;;P;;0;2,00;648,00;;;;;;;;;;;41051;77,76;;;;;;;;;;1;;;;;;;0,00;0,00;;;;0,00;;0,00;;;
001;091240;000429;3S;1;211161;00-0024658;01;04/04/14;04/04/14;3172,02;;3172,02;;12,00;380,64;380,64;0,00;0;334555;;;;;;42;;07/04/14;;R;;P;;0;2,00;64,80;N;;;;;;;;;;41050;7,78;;;;;;;;;;1;;;;;;;0,00;0,00;;;;0,00;;0,00;;;
001;059666;477911;3M;1;211162;00-0024659;01;04/04/14;04/04/14;31720,25;;31720,25;;12,00;3806,43;3806,43;0,00;0;334556;;;;;;33;;07/04/14;;R;;P;;0;2,00;648,00;;;;;;;;;;;41049;77,76;;;;;;;;;;1;;;;;;;0,00;0,00;;;;0,00;;0,00;;;
001;057241;999004;3M;1;211163;00-0024660;01;04/04/14;04/04/14;31720,25;;31720,25;;12,00;3806,43;3806,43;0,00;0;334557;;;;;;33;;07/04/14;;R;;P;;0;2,00;648,00;;;;;;;;;;;41049;77,76;;;;;;;;;;1;;;;;;;0,00;0,00;;;;0,00;;0,00;;;
001;057618;888903;3M;1;211164;00-0024661;01;04/04/14;04/04/14;5286,71;;5286,71;;12,00;634,41;634,41;0,00;0;334558;;;;;;33;;07/04/14;;R;;P;;0;2,00;108,00;;;;;;;;;;;41049;12,96;;;;;;;;;;1;;;;;;;0,00;0,00;;;;0,00;;0,00;;;
001;057618;888903;3M;1;211165;00-0024662;01;04/04/14;29/04/14;903,07;;903,07;;12,00;0,00;0,00;903,07;0;334559;;;;;;33;;07/04/14;;R;;;;1;2,00;18,43;;;;;;;;;;;41049;0,00;;;;;;;;;;1;;;;;;;0,00;0,00;;;;0,00;;0,00;;;
001;054379;667881;3M;1;211166;00-0024663;01;04/04/14;04/04/14;3685,11;;3685,11;;12,00;442,21;442,21;0,00;0;334560;;;;;;33;;07/04/14;;R;;P;;0;2,28;86,20;;;;;;;;;;;41049;10,34;;;;;;;;;;1;;;;;;;0,00;0,00;;;;0,00;;0,00;;;
001;054379;667881;3M;1;211167;00-0024664;01;04/04/14;29/04/14;5110,70;;5110,70;;12,00;613,28;613,28;0,00;0;334561;;;;;;33;;07/04/14;;R;;;;1;2,00;104,30;;;;;;;;;;;41049;12,52;;;;;;;;;;1;;;;;;;0,00;0,00;;;;0,00;;0,00;;;
001;057949;478608;3M;1;211168;00-0024665;01;04/04/14;04/04/14;21146,83;;21146,83;;12,00;2537,62;2537,62;0,00;0;334562;;;;;;33;;07/04/14;;R;;P;;0;2,00;432,00;;;;;;;;;;;41049;51,84;;;;;;;;;;1;;;;;;;0,00;0,00;;;;0,00;;0,00;;;
001;053839;888902;3M;1;211169;00-0024666;01;04/04/14;29/04/14;523,78;;523,78;;12,00;62,85;62,85;0,00;0;334563;;;;;;33;;07/04/14;;R;;;;1;2,00;10,69;;;;;;;;;;;41049;1,28;;;;;;;;;;1;;;;;;;0,00;0,00;;;;0,00;;0,00;;;
001;054023;008062;3M;1;211170;00-0024667;01;04/04/14;04/04/14;74013,91;;74013,91;;12,00;8881,67;8881,67;0,00;0;334564;;;;;;33;;07/04/14;;R;;P;;0;2,00;1512,00;;;;;;;;;;;41049;181,44;;;;;;;;;;1;;;;;;;0,00;0,00;;;;0,00;;0,00;;;
001;053840;100005;3M;1;211171;00-0024668;01;04/04/14;29/04/14;903,07;;903,07;;12,00;0,00;0,00;903,07;0;334565;;;;;;33;;07/04/14;;R;;;;1;2,00;18,43;;;;;;;;;;;41049;0,00;;;;;;;;;;1;;;;;;;0,00;0,00;;;;0,00;;0,00;;;
001;057310;291010;3M;1;211172;00-0024669;01;04/04/14;29/04/14;2823,35;;2823,35;;12,00;62,85;62,85;2299,57;0;334566;;;;;;33;;07/04/14;;R;;;;1;2,00;57,62;;;;;;;;;;;41049;1,28;;;;;;;;;;1;;;;;;;0,00;0,00;;;;0,00;;0,00;;;
001;057310;291010;3M;1;211173;00-0024670;01;04/04/14;04/04/14;10573,42;;10573,42;;12,00;1268,81;1268,81;0,00;0;334567;;;;;;33;;07/04/14;;R;;P;;0;2,00;216,00;;;;;;;;;;;41049;25,92;;;;;;;;;;1;;;;;;;0,00;0,00;;;;0,00;;0,00;;;
001;036165;000364;4S;1;211174;00-0024671;01;04/04/14;04/04/14;5286,71;;5286,71;;12,00;634,41;634,41;0,00;0;334568;;;;;;42;;07/04/14;;R;;P;;0;2,00;108,00;S;;;;;;;;;;41050;12,96;;;;;;;;;;1;;;;;;;0,00;0,00;;;;0,00;;0,00;;;
001;031360;000443;4S;1;211175;00-0024672;01;04/04/14;04/04/14;10573,42;;10573,42;;12,00;1268,81;1268,81;0,00;0;334569;;;;;;42;;07/04/14;;R;;P;;0;2,00;216,00;S;;;;;;;;;;41050;25,92;;;;;;;;;;1;;;;;;;0,00;0,00;;;;0,00;;0,00;;;
001;048740;807000;3S;1;211176;00-0024673;01;04/04/14;04/04/14;52867,08;;52867,08;;12,00;6344,05;6344,05;0,00;0;334570;;;;;;01;;;;;;P;;0;2,00;1080,00;;;;;;;;;;;;129,60;;;;;;;;;;1;;;;;;;0,00;0,00;;;;0,00;;0,00;;;
001;024328;000220;4S;1;211177;00-0024674;01;04/04/14;04/04/14;31720,25;;31720,25;;12,00;3806,43;3806,43;0,00;0;334571;;;;;;43;;07/04/14;;R;;P;;0;2,00;648,00;;;;;;;;;;;41051;77,76;;;;;;;;;;1;;;;;;;0,00;0,00;;;;0,00;;0,00;;;
001;178719;000224;4S;1;211178;00-0024675;01;04/04/14;04/04/14;10573,42;;10573,42;;12,00;1268,81;1268,81;0,00;0;334572;;;;;;01;;;;;;P;;0;2,00;216,00;;;;;;;;;;;;25,92;;;;;;;;;;1;;;;;;;0,00;0,00;;;;0,00;;0,00;;;
001;173783;000991;4S;1;211179;00-0024676;01;04/04/14;04/04/14;10573,42;;10573,42;;12,00;1268,81;1268,81;0,00;0;334573;;;;;;01;;;;;;P;;0;2,00;216,00;;;;;;;;;;;;25,92;;;;;;;;;;1;;;;;;;0,00;0,00;;;;0,00;;0,00;;;
001;179422;478681;4S;1;211180;00-0024677;01;04/04/14;04/04/14;10573,42;;10573,42;;12,00;1268,81;1268,81;0,00;0;334574;;;;;;01;;;;;;P;;0;2,00;216,00;;;;;;;;;;;;25,92;;;;;;;;;;1;;;;;;;0,00;0,00;;;;0,00;;0,00;;;
